"Reaction ID","Reaction Name","Flux","Subsystem"
"DHPM1","Dihydropyrimidinase (5,6-dihydrouracil)",483.634039346739,"Pyrimidine catabolism"
"CYTK10","Cytidylate kinase (CMP,dGTP)",-100,"Nucleotide interconversion"
"PRPPS","Phosphoribosylpyrophosphate synthetase",1000,"Pentose phosphate pathway"
"EX_fvs_e","Exchange reaction for fluvastatin in intestinal lumen",-100,"Exchange/demand reaction"
"R00100","R01803",-500,NA
"LDH_Lm","L-lactate dehydrogenase, mitochondria",752.063423244033,"Pyruvate metabolism"
"DATPtn","DATP diffusion in nucleus",2.25786159015146,"Transport, nuclear"
"DEOXFVShc","Formation of deoxy-fluvastatin-dinor",100,"Drug metabolism"
"PHPYRte","Transport of Phenylpyruvate via Proton Symport",100,"Transport, extracellular"
"AKGDm","2-oxoglutarate dehydrogenase",889.447311256036,"Citric acid cycle"
"GK1","Guanylate kinase (GMP:ATP)",7.88102109313646,"Nucleotide interconversion"
"HMR_8476","HMR 8476",109.169152025584,"Transport, nuclear"
"HMR_8579","Alpha-Amylase",100,"Starch and sucrose metabolism"
"PPM","Phosphopentomutase",890.355747087808,"Pentose phosphate pathway"
"BUTt","Butyrate transport (diffusion)",-19.535431793676,"Transport, extracellular"
"TPI","Triose-phosphate isomerase",231.114869727563,"Glycolysis/gluconeogenesis"
"DUTCP","DUTP:cytidine 5'-phosphotransferase",-100,"Nucleotide interconversion"
"PGMT","Phosphoglucomutase",336.376935226275,"Glycolysis/gluconeogenesis"
"AMACR2p","Alpha-methylacyl-CoA racemase (reductase)",136.748022555732,"Bile acid synthesis"
"SSALxm","Succinate-semialdehyde:NAD+ oxidoreductase, mitochondria",-1000,"Glutamate metabolism"
"GSNt","Guanosine facilated transport in cytosol",-100,"Transport, extracellular"
"CSNATm","Carnitine O aceyltransferase  mitochondrial",-483.634039346739,"Fatty acid oxidation"
"UMPK2","UMP kinase (CTP)",100,"Nucleotide interconversion"
"HMR_1102","Carbonyl Reductase (NADPH)",470.782778628378,"Leukotriene metabolism"
"RE0915E","Alpha-Amylase",-200,"Starch and sucrose metabolism"
"r2102","Major Facilitator(MFS) TCDB:2.A.1.13.1",-19.535431793676,"Transport, extracellular"
"GCC2cm","Glycine cleavage complex  lipoamide   mitochondrial",55.2763443719818,"Glycine, serine, alanine, and threonine metabolism"
"GLPASE2","Glycogen phosphorylase (amyls -> glc-D)",112.125645075425,"Starch and sucrose metabolism"
"O2St","Superoxide anion transport via diffusion (extracellular)",-100,"Transport, extracellular"
"ACONTm","Aconitate hydratase",-470.782778628378,"Citric acid cycle"
"DAGK_hs","Diacylglycerol phosphate kinase (homo sapiens)",2.99483939660076,"Glycerophospholipid metabolism"
"r1454","TCDB:2.A.1.13.5 TCDB:2.A.1.13.1",19.535431793676,"Transport, mitochondrial"
"CLS_hs","Cardiolipin synthase (homo sapiens)",1.99667377819808,"Glycerophospholipid metabolism"
"CHAT","Choline O-acetyltransferase",583.634039346739,"Glycerophospholipid metabolism"
"CYTK12n","Cytidylate kinase (dCMP,dCTP),nuclear",-109.169152025584,"Nucleotide interconversion"
"LDH_D","D-lactate dehydrogenase",100,"Pyruvate metabolism"
"GLPASE1","Glycogen phosphorylase (glygn2 -> dxtrn)",112.125645075425,"Starch and sucrose metabolism"
"GAPD","Glyceraldehyde-3-phosphate dehydrogenase",1000,"Glycolysis/gluconeogenesis"
"DCK2n","Deoxycytidine kinase, nuclear (UTP)",109.169152025584,"Nucleotide interconversion"
"D_LACt2","D lactate transport via proton symport",100,"Transport, extracellular"
"PGPPT","Phosphatidyl-CMP: glycerophosphate phosphatidyltransferase",2.49575658739942,"Glycerophospholipid metabolism"
"ACRNtp","Acetylcarnitine transport out of peroxisome",-483.634039346739,"Transport, peroxisomal"
"2HBO","2 HydroxybutyrateNAD oxidoreductase",-19.535431793676,"Propanoate metabolism"
"TRDR","Thioredoxin reductase (NADPH)",1000,"Nucleotide interconversion"
"DURAD","Dihydrouracil dehydrogenase (NADP)",-483.634039346739,"Pyrimidine catabolism"
"r0641","(5-Glutamyl)-peptide:amino-acid 5-glutamyltransferase Arachidonic acid metabolism EC:2.3.2.2",100,"Fatty acid oxidation"
"PCm","Pyruvate carboxylase",752.063423244033,"Pyruvate metabolism"
"ABTArm","4-aminobutyrate transaminase, reversible (mitochondrial)",-1000,"Glutamate metabolism"
"GGTAe2","Gamma glutamyltransferase",-100,"Glutathione metabolism"
"ACALDtm","Acetaldehyde mitochondrial diffusion",-529.217221371622,"Transport, mitochondrial"
"MTHFC","Methenyltetrahydrofolate cyclohydrolase",-294.687201876451,"Folate metabolism"
"SMS","Sphingomyelin synthase (homo sapiens)",2.99483939660076,"Sphingolipid metabolism"
"FUM","Fumarase",-55.2763443719817,"Citric acid cycle"
"APAT2rm","3-Aminopropanoate:2-oxoglutarate aminotransferase (m)",483.634039346739,"Beta-Alanine metabolism"
"RE0926E","Alpha-Amylase",-300,"Starch and sucrose metabolism"
"MDH","Malate dehydrogenase",-55.2763443719818,"Citric acid cycle"
"ASCBt4","L-ascorbate transport via proton symport",19.7900025557324,"Transport, extracellular"
"MLTHFte2","Transport by Rfc into Extracellular Space",-900,"Transport, extracellular"
"EX_phpyr_e","Exchange of Phenylpyruvate",-100,"Exchange/demand reaction"
"EX_o2s_e","Superoxide anion exchange",-100,"Exchange/demand reaction"
"GLUt2m","Amino acid transporter (glu-L), mitochondrial",487.200674515236,"Transport, mitochondrial"
"GMPR","GMP reductase",-7.88102109313646,"Nucleotide interconversion"
"TKT2","Transketolase",-36.5480843040641,"Pentose phosphate pathway"
"r0739","Alcohol dehydrogenase Bile acid biosynthesis EC:1.1.1.1",166.78387750862,"Bile acid synthesis"
"HCO3Em","HCO3 equilibration reaction",752.063423244033,"Miscellaneous"
"EX_malthp_e","EX malthp LPAREN e RPAREN",100,"Exchange/demand reaction"
"RE0935E","Alpha-Amylase",-200,"Starch and sucrose metabolism"
"PTDCACRNt","Pentadecanoate transport into the mitochondria",483.634039346739,"Fatty acid oxidation"
"DEOXFVStev","Exit of deoxy-fluvastatin-dinor into hepatic vein for excretion in urine",100,"Drug metabolism"
"DURIPP","Deoxyuridine phosphorylase",593.278292258931,"Nucleotide interconversion"
"TRPt","L-tryptophan transport",50.1362422169929,"Transport, extracellular"
"ALDD2xm","Aldehyde dehydrogenase  acetylaldehyde  NAD   mitochondrial",529.217221371622,"Glycolysis/gluconeogenesis"
"UMPK2n","UMP kinase (CTP),nuclear",-109.169152025584,"Nucleotide interconversion"
"CDIPTr","Phosphatidylinositol synthase (Homo sapiens)",-4.49243036559751,"Glycerophospholipid metabolism"
"SK_cmpglna_c","Sink cmpglna[c]",-1000,NA
"RNDR1","Ribonucleoside-diphosphate reductase (ADP)",4.49996627623747,"Nucleotide interconversion"
"P5CR","Pyrroline-5-carboxylate reductase",231.586681878717,"Arginine and proline metabolism"
"ORNt","Ornithine transport via diffusion",100,"Transport, extracellular"
"NDPK5","Nucleoside-diphosphate kinase (ATP:dGDP)",-353.390325898587,"Nucleotide interconversion"
"INSt","Inosine transport (diffusion)",100,"Transport, extracellular"
"BAAT3x","Bile acid Coenzyme A: amino acid N-acyltransferase",136.748022555732,"Bile acid synthesis"
"GLUNm","Glutaminase (mitochondrial)",357.905337910056,"Glutamate metabolism"
"URIt","Uridine facilated transport in cytosol",90.5712363501156,"Transport, extracellular"
"CYTDt","Cytidine facilated transport in cytosol",-100,"Transport, extracellular"
"HCO3E","HCO3 equilibration reaction",100,"Miscellaneous"
"DEOXFVSitx","DEOXFVSitx",-100,"Drug metabolism"
"ALDD2y","Aldehyde dehydrogenase (acetaldehyde, NADP)",100,"Glycolysis/gluconeogenesis"
"RE0453N","Nucleoside-Diphosphate Kinase",-327.50745607675,"Pyrimidine synthesis"
"r2118","Major Facilitator(MFS) TCDB:2.A.1.13.1",-19.535431793676,"Transport, extracellular"
"ACRNtm","O acetylcarnintine transport into mitochondria via diffusion",-483.634039346739,"Transport, mitochondrial"
"CITtbm","Citrate transport  mitochondrial",230.535571982414,"Transport, mitochondrial"
"GLACO","D-Glucuronolactone:NAD+ oxidoreductase",19.7900025557324,"Vitamin C metabolism"
"PYNP2r","Pyrimidine-nucleoside phosphorylase (uracil)",890.355747087808,"Pyrimidine catabolism"
"MTHFCm","Methenyltetrahydrifikate cyclohydrolase  mitochondrial",294.687201876451,"Folate metabolism"
"SPODMm","Superoxide dismutase",50.67534,"ROS detoxification"
"CYTK2","Cytidylate kinase (dCMP)",-276.924880291139,"Nucleotide interconversion"
"KCCt","K+-Cl- cotransport",-150,"Transport, extracellular"
"ENO","Enolase",1000,"Glycolysis/gluconeogenesis"
"AMPDA","Adenosine monophosphate deaminase",86.3027973290766,"Nucleotide interconversion"
"4ABUTtm","4 aminobutanoate mitochondrial transport via diffusion",-1000,"Transport, mitochondrial"
"THYMDtm","Thymd transport",-6.9753776339954,"Transport, mitochondrial"
"DUTUP","DUTP:uridine 5'-phosphotransferase",-990.355747087808,"Nucleotide interconversion"
"PYRt2p","Pyruvate peroxisomal transport via proton symport",752.063423244033,"D-alanine metabolism"
"EX_2hb_e","2 Hydroxybutyrate exchange",19.535431793676,"Exchange/demand reaction"
"RE0958E","Alpha-Amylase",-100,"Starch and sucrose metabolism"
"CSNATp","Carnitine O acetyltransferase  reverse direction  peroxisomal",-483.634039346739,"Fatty acid oxidation"
"PGK","Phosphoglycerate kinase",-1000,"Glycolysis/gluconeogenesis"
"GLDBRAN","Glycogen debranching enzyme",112.125645075425,"Starch and sucrose metabolism"
"RNDR4","Ribonucleoside-diphosphate reductase (UDP)",190.846266362191,"Nucleotide interconversion"
"AKGMALtm","Dicarboxylate/tricarboxylate carrier (mal:akg), mitochondrial",-416.175187355425,"Transport, mitochondrial"
"UMPKn","UMP kinase  nuclear",109.169152025584,"Nucleotide interconversion"
"r0407","Sedoheptulose 1,7-bisphosphate D-glyceraldehyde-3-phosphate-lyase Carbon fixation EC:4.1.2.13",-36.5480843040641,"Miscellaneous"
"R04215","CTP:N-glycoloylneuraminate cytidylyltransferase",-1000,"Aminosugar metabolism"
"CYTK2n","Cytidylate kinase (dCMP),nuclear",218.338304051167,"Nucleotide interconversion"
"CYTK13","Cytidylate kinase (dCMP,dATP)",665.750472960926,"Nucleotide interconversion"
"CYTK7n","Cytidylate kinase (CMP,UTP),nuclear",-109.169152025584,"Nucleotide interconversion"
"SCP2x_1","Peroxisomal Thiolase 2",19.535431793676,"Bile acid synthesis"
"r0747","3alpha,7alpha-Dihydroxy-5beta-cholestane:NADP+ oxidoreductase (B-specific); 3alpha,7alpha-Dihydroxy-5beta-cholestane:NADP+ oxidoreductase Bile acid biosynthesis EC:1.1.1.50",724.670504264498,"Bile acid synthesis"
"PGI","Glucose-6-phosphate isomerase",285.251090925697,"Glycolysis/gluconeogenesis"
"CYTK6n","Cytidylate kinase (CMP,CTP),nuclear",109.169152025584,"Nucleotide interconversion"
"NDPK7","Nucleoside-diphosphate kinase (ATP:dCDP)",-611.174407330213,"Nucleotide interconversion"
"EX_idp_e","IDP exchange",-100,"Exchange/demand reaction"
"ORNTArm","L-Ornithine:2-oxo-acid aminotransferase",100,"Urea cycle"
"BIOMASS_reaction","Generic Human Biomass Reaction",171.270696362848,NA
"RE2640C","N-Acyl-Aliphatic-L-Amino Acid Amidohydrolase",-1000,"Methionine and cysteine metabolism"
"GLCRt1","Transport by Glut-5 Transporter into Extracellular Space",-19.7900025557324,"Transport, extracellular"
"LPASE","Lysophospholipase",21.4557039973937,"Glycerophospholipid metabolism"
"HMR_2624","HMR 2624",483.634039346739,"Transport, mitochondrial"
"DGCHOLtx","Bile acid intracellular transport",136.748022555732,"Transport, peroxisomal"
"EX_deoxfvs_e","Exchange reaction for deoxy-fluvastatin-dinor in hepatic vein",100,"Exchange/demand reaction"
"ADK1","Adenylate kinase",-78.4217762359402,"Nucleotide interconversion"
"r2084","Major Facilitator(MFS) TCDB:2.A.1.13.1",100,"Transport, extracellular"
"TKT1","Transketolase",-36.5480843040641,"Pentose phosphate pathway"
"r0797","Glycine N-choloyltransferase EC:2.3.1.65",-136.748022555732,"Bile acid synthesis"
"GDHm","Glutamate dehydrogenase, mitochondria",-716.365960653261,"Glutamate metabolism"
"r0181","ITP Diphosphohydrolase",-100,"Purine catabolism"
"PGM","Phosphoglycerate mutase",-1000,"Glycolysis/gluconeogenesis"
"UMPK3","UMP kinase (UTP)",163.03457881078,"Nucleotide interconversion"
"ASPTA","Aspartate transaminase",-937.034285518015,"Alanine and aspartate metabolism"
"r2109","Major Facilitator(MFS) TCDB:2.A.1.13.1",119.535431793676,"Transport, extracellular"
"DGTPtn","DGTP diffusion in nucleus",1.69523735259947,"Transport, nuclear"
"r0408","ATP:Sedoheptulose 7-phosphate 1-phosphotransferase EC:2.7.1.11",-36.5480843040641,"Miscellaneous"
"CYOR_u10mi","CYOR u10mi",135.068,"Oxidative phosphorylation"
"RE3301C_1","Phospholipase D",5.49076725469655,"Glycerophospholipid metabolism"
"EX_glcr_e","D-Glucarate exchange",19.7900025557324,"Exchange/demand reaction"
"ORNt3m","Ornithine mitochondrial transport via proton antiport",-100,"Transport, mitochondrial"
"DRPA","Deoxyribose-phosphate aldolase",593.278292258931,"Pentose phosphate pathway"
"GDR","Glutathione-disulfide reductase",-546.011876199843,"Glutathione metabolism"
"NDPK6","Nucleoside-diphosphate kinase (ATP:dUDP)",-1000,"Nucleotide interconversion"
"r2092","Major Facilitator(MFS) TCDB:2.A.1.13.1",-100,"Transport, extracellular"
"RE3010M","Carbonyl Reductase (NADPH)",-470.782778628378,"Eicosanoid metabolism"
"ACOAD9m","2-methylacyl-coa dehydrogenase, 2-Methylprop-2-enoyl-CoA forming",55.2763443719818,"Valine, leucine, and isoleucine metabolism"
"FBA","Fructose-bisphosphate aldolase",248.703006621633,"Glycolysis/gluconeogenesis"
"UMPK7","UMP kinase (dGTP)",-253.390325898587,"Nucleotide interconversion"
"FVSitx","FVSitx",100,"Drug metabolism"
"MI3PP","1D-myo-Inositol 3-phosphate phosphohydrolase",3.9931762856998,"Inositol phosphate metabolism"
"r0173","(S)-Lactate:NAD+ oxidoreductase Glycolysis / Gluconeogenesis / Pyruvate metabolism EC:1.1.1.27",-752.063423244033,"Glycolysis/gluconeogenesis"
"r2080","Major Facilitator(MFS) TCDB:2.A.1.13.1",-100,"Transport, extracellular"
"RE0944E","Alpha-Amylase",-100,"Starch and sucrose metabolism"
"ALATA_L","L-alanine transaminase",-578.47214873838,"Glutamate metabolism"
"DCK1m","Deoxycytidine kinase, mitochondrial (ATP)",-702.447444284515,"Nucleotide interconversion"
"SK_ficytb5_c","Sink ficytb5[c]",1000,NA
"SK_pro__L_c","Sink pro L[c]",160.940259960184,"Exchange/demand reaction"
"CATm","Catalase",25.33767,"ROS detoxification"
"SK_5HPET_c","Sink for 5(S)-HPETE",-300,"Exchange/demand reaction"
"EX_h2o_e","H2O exchange",-100,"Exchange/demand reaction"
"TMDS","Thymidylate synthase",9.21748232008144,"Nucleotide interconversion"
"BALAtmr","Beta-alanine transport, mitochondria",483.634039346739,"Transport, mitochondrial"
"EX_gthrd_e","Reduced glutathione exchange",-100,"Exchange/demand reaction"
"r1116","ATP Exporter (ATP-E) TCDB:9.A.6.1.1",-100,"Transport, extracellular"
"HMR_3106","HMR 3106",-583.634039346739,"Transport, peroxisomal"
"r1648","Amino Acid-Polyamine-Organocation (APC) TCDB:2.A.3.8.1",-47.8573143311889,"Transport, extracellular"
"EX_leuktrD4_e","Leukotriene D4 exchange",100,"Exchange/demand reaction"
"MTHFD2m","Methylenetetrahydrofolate dehydrogenase (NAD), mitochondrial",294.687201876451,"Folate metabolism"
"EX_met__L_e","L-Methionine exchange",-26.2074994160503,"Exchange/demand reaction"
"EX_glc__D_e","D-Glucose exchange",100,"Exchange/demand reaction"
"EX_cgly_e","Cys-Gly exchange",-100,"Exchange/demand reaction"
"DNDPt5m","DATP transport via dTDP antiport",2.24210468608605,"Transport, mitochondrial"
"FOLt2_1","Folate Transport via Anion Antiport",-1000,"Transport, extracellular"
"GLCt4","Glucose transport via sodium symport",-897.005160603399,"Transport, extracellular"
"Ht","Proton diffusion",-1000,"Transport, extracellular"
"PYK2","Pyruvate kinase(2)",230.535571982414,"Glycolysis/gluconeogenesis"
"SK_focytb5_c","Sink focytb5[c]",-1000,NA
"HMR_0467","HMR 0467",-8.48560665129731,"Transport, endoplasmic reticular"
"PHETA1","Phenylalanine transaminase",-100,"Phenylalanine metabolism"
"COAtp","Coenzyme A transport, peroxisomal",466.421448584683,"Transport, peroxisomal"
"ETHAAL","Ethanolamine ammonia-lyase",35.938929112691,"Glycerophospholipid metabolism"
"H2O2tp","Hydrogen peroxide transport via diffusion, glyoxysome",-19.7900025557324,"Transport, peroxisomal"
"SK_glygn2_c","Sink glygn2[c]",-112.125645075425,"Exchange/demand reaction"
"GLYCLm","Glycine cleavage system  mitochondrial",-641.539377256795,"Transport, extracellular"
"SO4t4_2","Sulfate transport via sodium symport",100,"Transport, extracellular"
"EX_ins_e","Inosine exchange",-100,"Exchange/demand reaction"
"r1612","Amino Acid-Polyamine-Organocation (APC) TCDB:2.A.3.8.1",-47.8573143311889,"Transport, extracellular"
"SK_Tyr_ggn_c","Sink for Tyr-194 Of Apo-Glycogenin Protein (Primer For Glycogen Synthesis)",112.125645075425,"Exchange/demand reaction"
"HMR_7197","HMR 7197",481.016773444197,"O-glycan metabolism"
"NDPK8n","Nucleoside-diphosphate kinase (ATP:dADP), nuclear",-327.50745607675,"Nucleotide interconversion"
"OROTGLUt","Orotate-Glutamate Antiport",337.67,"Transport, extracellular"
"RE0452M","DTMP Kinase",2.24210468608605,"Pyrimidine synthesis"
"r1428","Free diffusion",-18.9599474099942,"Transport, peroxisomal"
"r0202","Sn-Glycerol-3-phosphate:NAD+ 2-oxidoreductase Glycerophospholipid metabolism EC:1.1.1.8",18.9599474099942,"Glycolysis/gluconeogenesis"
"EX_gly_e","Glycine exchange",100,"Exchange/demand reaction"
"CRNtp","Carnitine transport into peroxsiome",-483.634039346739,"Transport, peroxisomal"
"EX_itp_e","Exchange of ITP",100,"Exchange/demand reaction"
"DCYTtm","Deoxycytidine facilated transport in mitochondria",-702.447444284515,"Transport, mitochondrial"
"DHFR","Dihydrofolate reductase",9.21748232008144,"Folate metabolism"
"EX_CE2839_e","Maltodecaose exchange",100,"Exchange/demand reaction"
"r1117","Facilitated diffusion",9.21748232008144,"Transport, mitochondrial"
"CYStec","L-cysteine transport via diffusion (extracellular to cytosol)",100,"Transport, extracellular"
"METtec","L-methionine transport via diffusion (extracellular to cytosol)",26.2074994160503,"Transport, extracellular"
"r0822","Mitochondrial Carrier (MC) TCDB:2.A.29.2.2",576.135442534572,"Transport, mitochondrial"
"IMPtr","Transport of IMP",-78.4217762359402,"Transport, extracellular"
"VALTAim","Valine transaminase  mitochondiral",-944.723655628018,"Valine, leucine, and isoleucine metabolism"
"GLYtp","Glycine passive transport to peroxisome",136.748022555732,"Transport, peroxisomal"
"EX_gsn_e","Guanosine exchange",100,"Exchange/demand reaction"
"EX_malthx_e","Maltohexaose exchange",100,"Exchange/demand reaction"
"UPPRT","Uracil phosphoribosyltransferase",1000,"Pyrimidine synthesis"
"5MTHFt","5-Methyltetrahydrofolate transport via receptor binding and protolysis",97.0051606033992,"Transport, extracellular"
"CO2t","CO2 transporter via diffusion",-100,"Transport, extracellular"
"3HBCOAHLm","3-hydroxyisobutyryl-CoA hydrolase, mitochondrial",55.2763443719818,"Valine, leucine, and isoleucine metabolism"
"ILEtmi","Isoleucine transport from mitochondria to cytosol",68.7956749185571,"Transport, mitochondrial"
"DM_datp_m","DATP demand",2.24210468608605,"Exchange/demand reaction"
"VALTA","Valine transaminase",1000,"Valine, leucine, and isoleucine metabolism"
"DM_ach_c","DM ach[c]",583.634039346739,"Exchange/demand reaction"
"ATPS4mi","ATP synthase (four protons for one ATP)",337.67,"Oxidative phosphorylation"
"RE1807C","RE1807",166.78387750862,"Bile acid synthesis"
"EX_maltttr_e","Maltotetraose exchange",-100,"Exchange/demand reaction"
"r0698","Propanoyl Coenzyme A:Acetyl Coenzyme A C-Acyltransferase Bile Acid Biosynthesis",136.748022555732,"Bile acid synthesis"
"DM_Lcystin_c","Demand for L-Cystine",546.011876199843,"Exchange/demand reaction"
"O2tm","O2 transport  diffusion",-8.47900999999999,"Transport, mitochondrial"
"EX_pi_e","Phosphate exchange",100,"Exchange/demand reaction"
"OBDHm","2 Oxobutanoate dehydrogenase",-19.535431793676,"Propanoate metabolism"
"CLHCOtex","Chloride transport via bicarbonate countertransport",150,"Transport, extracellular"
"NADH2_u10mi","NADH2 u10mi",135.068,"Oxidative phosphorylation"
"NADHtpu","NADH transporter, peroxisome",633.103475834039,"Transport, peroxisomal"
"PPM2","Phosphopentomutase 2 (deoxyribose)",593.278292258931,"Pentose phosphate pathway"
"EX_cys__L_e","L-Cysteine exchange",-100,"Exchange/demand reaction"
"r1109","Citrate oxaloacetate-lyase ((pro-3S)-CH2COO- -->acetate) Citrate cycle (TCA cycle) EC:4.1.3.6",470.782778628378,"Miscellaneous"
"LACLt","Lactate transport",752.063423244033,"Transport, peroxisomal"
"NDPK4m","ATP:dTDP phosphotransferase, mitochondria",2.24210468608605,"Nucleotide interconversion"
"RE3273R_1","Phospholipase D",-8.48560665129731,"Phosphatidylinositol phosphate metabolism"
"10FTHFtm","10-Formyltetrahydrofolate mitochondrial transport via diffusion",-294.687201876451,"Transport, mitochondrial"
"XYLUR","Xylulose reductase",-1000,"Pentose phosphate pathway"
"SK_val__L_c","Sink val L[c]",-115.667590804397,"Exchange/demand reaction"
"HXAND","Hypoxanthine dehydrogenase",100,"Nucleotide interconversion"
"EX_gluside_hs_e","Exchange/Demand Reaction",-2.99483939660076,"Exchange/demand reaction"
"GLYtm","Glycine passive transport to mitochondria",-641.539377256795,"Transport, mitochondrial"
"FVStep","Efflux of fluvastatin from enterocytes into portal blood",-100,"Drug metabolism"
"SK_thf_c","EX thf LPAREN c RPAREN",100,"Exchange/demand reaction"
"3MOPt2im","3-Methyl-2-oxopentanoate mitochondrial transport via proton symport",68.7956749185571,"Transport, mitochondrial"
"r1384","Guanosine aminohydrolase EC:3.5.4.15",-100,"Nucleotide interconversion"
"GLRASE","Glucuronolactone reductase",19.7900025557324,"Vitamin C metabolism"
"EX_pe_hs_e","Phosphatidylethanolamine (homo sapiens) exchange",-45.4228726530873,"Exchange/demand reaction"
"SUCOASm","Succinate  CoA ligase  ADP forming",-944.723655628018,"Citric acid cycle"
"AKR1C41","Aldo-keto reductase family 1, member C4 (chlordecone reductase; 3-alpha hydroxysteroid dehydrogenase, type I; dihydrodiol dehydrogenase 4)",724.670504264498,"Bile acid synthesis"
"ECOAH12m","Enoyl-coa hydratase, 3-Hydroxyisobutyryl-CoA forming",55.2763443719818,"Valine, leucine, and isoleucine metabolism"
"L_LACtcm","L-lactate transport via diffusion (cytosol to mitochondria)",752.063423244033,"Transport, mitochondrial"
"EX_leuktrC4_e","Leukotriene C4 exchange",100,"Exchange/demand reaction"
"DCTPtn","DCTP diffusion in nucleus",282.139869766567,"Transport, nuclear"
"SK_cys__L_c","Sink cys L[c]",-1000,"Exchange/demand reaction"
"FOLOAT2tc","Folate Transport by Oats",100,"Transport, extracellular"
"INSTt2","Inositol transport in via proton symport",1000,"Transport, extracellular"
"MI3PS","1D-myo-inositol-3-phosphate lyase (isomerizing)",3.9931762856998,"Inositol phosphate metabolism"
"SK_ile__L_c","Sink ile L[c]",-48.9967782740909,"Exchange/demand reaction"
"PPCOAtm","Propanoyl-CoA transport, mitochondria",19.535431793676,"Transport, mitochondrial"
"EX_malttr_e","Maltotriose exchange",-100,"Exchange/demand reaction"
"SK_gly_c","Sink gly[c]",1000,"Exchange/demand reaction"
"Htx","H transporter, peroxisome",428.032142812935,"Transport, peroxisomal"
"EX_lpchol_hs_e","Lysophosphatidylcholine (homo sapiens) exchange",-21.4557039973937,"Exchange/demand reaction"
"MMTSADm","Malonate-semialdehyde dehydrogenase (acetylating), mitochondrial",55.2763443719818,"Valine, leucine, and isoleucine metabolism"
"THFtm","5,6,7,8-Tetrahydrofolate transport, diffusion, mitochondrial",-641.539377256795,"Transport, mitochondrial"
"SRTNENT4tc","Serotonin Transport by Ent4",243.835,"Transport, extracellular"
"ADK3","Adentylate kinase (GTP)",992.118978906864,"Nucleotide interconversion"
"URIt2","Uridine transport in via proton symport",-190.571236350116,"Transport, extracellular"
"r0074","L-Glutamate 5-semialdehyde:NAD+ oxidoreductase Arginine and proline metabolism EC:1.5.1.12",-131.586681878717,"Urea cycle"
"VALt5m","Valine reversible mitochondrial transport",-944.723655628018,"Transport, mitochondrial"
"EX_cytd_e","Cytidine exchange",100,"Exchange/demand reaction"
"PGP_hs_tm","Transport of Phosphatidyl Glycerol Phosphate, Mitochondrial",-2.49575658739942,"Transport, mitochondrial"
"SK_ser__L_c","Sink ser L[c]",-1000,"Exchange/demand reaction"
"PA_HSter","Phosphatidate scramblase",8.48560665129731,"Transport, endoplasmic reticular"
"LPCHOLt","Lysophosphatidylcholine Transport",21.4557039973937,"Transport, extracellular"
"EX_asn__L_e","L-Asparagine exchange",-47.8573143311889,"Exchange/demand reaction"
"PUNP5","Purine-nucleoside phosphorylase (Inosine)",100,"Purine catabolism"
"SK_lys__L_c","Sink lys L[c]",-101.411777106191,"Exchange/demand reaction"
"ATPtm","ADP/ATP transporter, mitochondrial",1000,"Transport, mitochondrial"
"MMSAD3m","Methylmalonate-semialdehyde dehydrogenase (acylating)",483.634039346739,"Propanoate metabolism"
"LEUKTRD4t","Leukotriene D4 transport",-100,"Transport, extracellular"
"EX_atp_e","EX atp LPAREN e RPAREN",-100,"Exchange/demand reaction"
"EX_Rtotal_e","R total exchange",21.4557039973937,"Exchange/demand reaction"
"RE0453M","Nucleoside-Diphosphate Kinase",-2.24210468608605,"Pyrimidine synthesis"
"PSSA1_hs","Phosphatidylserine synthase homo sapiens",-29.4498249688954,"Glycerophospholipid metabolism"
"ACt2m","Acetate mitochondrial transport via proton symport",-1000,"Transport, mitochondrial"
"INSTt4","Inositol transport via sodium symport",-1000,"Transport, extracellular"
"NTD5m","5'-nucleotidase (dTMP), mitochondrial",6.9753776339954,"Nucleotide interconversion"
"r1019","Postulated transport reaction",-136.748022555732,"Transport, peroxisomal"
"LEUKTRA4t","Leukotriene A4 transmembrane (homo sapiens) transport",-100,"Transport, extracellular"
"MTHFD","Methylenetetrahydrofolate dehydrogenase (NADP)",-294.687201876451,"Folate metabolism"
"CO2tp","CO2 peroxisomal transport",58.6062953810282,"Transport, peroxisomal"
"EX_imp_e","IMP exchange",78.4217762359402,"Exchange/demand reaction"
"PGPP_hsc","Transport of Phosphatidyl Glycerol Phosphate, Mitochondrial",2.49575658739942,"Glycerophospholipid metabolism"
"PEPCKm","Phosphoenolpyruvate carboxykinase (GTP)",230.535571982414,"Glycolysis/gluconeogenesis"
"EX_glu__L_e","L-Glutamate exchange",-100,"Exchange/demand reaction"
"SK_arg__L_c","Sink arg L[c]",-61.5307103753168,"Exchange/demand reaction"
"EX_leuktrA4_e","Leukotriene A4 exchange",100,"Exchange/demand reaction"
"CRMte","Ceramide Diffusion",2.99483939660076,"Sphingolipid metabolism"
"SK_glu__L_c","Sink glu L[c]",-1000,"Exchange/demand reaction"
"EX_trp__L_e","L-Tryptophan exchange",-2.27892788580406,"Exchange/demand reaction"
"EX_uri_e","Uridine exchange",100,"Exchange/demand reaction"
"EX_orn_e","Ornithine exchange",-100,"Exchange/demand reaction"
"HMR_1095","HMR 1095",-109.169152025584,"Transport, nuclear"
"THMDt2","Thymidine transport in via proton symport",-6.9753776339954,"Transport, extracellular"
"ICDHym","Isocitrate dehydrogenase  NADP",-470.782778628378,"Citric acid cycle"
"r0840","Free diffusion",-73.0961686081281,"Transport, endoplasmic reticular"
"EX_maltpt_e","Maltopentaose exchange",100,"Exchange/demand reaction"
"H2Oter","H2O endoplasmic reticulum transport",-8.48560665129731,"Transport, endoplasmic reticular"
"SK_gln__L_c","Sink gln L[c]",-413.738899841559,"Exchange/demand reaction"
"EX_hco3_e","EX hco3 LPAREN e RPAREN",100,"Exchange/demand reaction"
"EX_akg_e","2-Oxoglutarate exchange",-100,"Exchange/demand reaction"
"DCMPtm","DCMPtm",-702.447444284515,"Transport, mitochondrial"
"CO2tm","CO2 transport  diffusion   mitochondrial",225.027743965711,"Transport, mitochondrial"
"EX_CE2838_e","Maltononaose exchange",-100,"Exchange/demand reaction"
"EX_ser__L_e","L-Serine exchange",-100,"Exchange/demand reaction"
"SK_phe__L_c","Sink phe L[c]",55.5610774975173,"Exchange/demand reaction"
"r2355","Organic anion transporter 5 Utilized transport",200,"Transport, extracellular"
"MALOAAtm","Dicarboxylate/tricarboxylate carrier (mal:oaa), mitochondrial",-992.310629889997,"Transport, mitochondrial"
"SK_his__L_c","Sink his L[c]",-21.6496436444422,"Exchange/demand reaction"
"AKGCITtm","Dicarboxylate/tricarboxylate carrier (akg:cit), mitochondrial",230.535571982414,"Transport, mitochondrial"
"r0841","Free diffusion",73.0961686081281,"Transport, endoplasmic reticular"
"HMR_7199","HMR 7199",481.016773444197,"Transport, lysosomal"
"ILETA","Isoleucine transaminase",68.7956749185571,"Valine, leucine, and isoleucine metabolism"
"PSSA2_hs","Phosphatidylserine synthase homo sapiens",35.938929112691,"Glycerophospholipid metabolism"
"SK_Ser_Gly_Ala_X_Gly_r","Sink Ser Gly Ala X Gly, Endoplasmic Reticulum",481.016773444197,"Exchange/demand reaction"
"GPDDACHOL","Glycerophosphocholine Phosphodiesterase",21.4557039973937,"Glycerophospholipid metabolism"
"CITt2r","Citrate reversible transport via symport",-383.958386015889,"Transport, extracellular"
"R03184_PLUS_R00647","R03184 PLUS R00647",-19.7900025557324,NA
"FOLt2","Folate transport via anion exchange",900,"Transport, extracellular"
"r0826","Transport reaction",8.48560665129731,"Transport, endoplasmic reticular"
"EX_ac_e","Acetate exchange",100,"Exchange/demand reaction"
"GLNtm","L-glutamine transport via electroneutral transporter",357.905337910056,"Transport, mitochondrial"
"PGLYCtm","Transport of Phosphatidylglycerol, Endoplasmatic Reticulum",2.49575658739942,"Transport, mitochondrial"
"DCYTD","Deoxycytidine deaminase",593.278292258931,"Pyrimidine catabolism"
"MLTHFtm","5,10-Methylenetetrahydrofolate transport from the cytosol to the mitochondria",936.226579133246,"Transport, mitochondrial"
"r0892","Facilitated diffusion",-100,"Transport, extracellular"
"EX_thymd_e","Thymidine exchange",6.97537763399541,"Exchange/demand reaction"
"PIt2r","Phosphate reversible transport via symport",-200,"Transport, extracellular"
"r2341","Organic anion transporter 5 Utilized transport",-100,"Transport, extracellular"
"5MTHFt2_1","5-Methyltetrahydrofolate Transport via Anion Exchange",-97.0051606033992,"Transport, extracellular"
"DCMPDA","DCMP deaminase",-91.2730369543018,"Pyrimidine catabolism"
"r1292","Postulated transport reaction",-19.535431793676,"Transport, peroxisomal"
"HIBDm","3-hydroxyisobutyrate dehydrogenase, mitochondrial",55.2763443719818,"Valine, leucine, and isoleucine metabolism"
"SK_dhcholestanate_c","Sink for 3Alpha, 7Alpha-Dihydroxy-5Beta-Cholestanate",166.78387750862,"Exchange/demand reaction"
"r0839","Postulated transport reaction",-337.67,"Transport, extracellular"
"FUMtm","Fumarate transport, mitochondrial",-520.85909816259,"Transport, mitochondrial"
"RNTR3","Ribonucleoside triphosphate reductase  CTP",893.31427709678,"Nucleotide interconversion"
"SK_tyr__L_c","Sink tyr L[c]",-27.3469633589523,"Exchange/demand reaction"
"NH4tm","NH3 mitochondrial transport",1000,"Transport, mitochondrial"
"MLTHFte3","Transport by Folr into Extracellular Space",1000,"Transport, extracellular"
"DM_4abut_c","DM 4abut[c]",1000,"Exchange/demand reaction"
"URIDK2r","Uridylate kinase (dUMP)",-100.490519274383,"Nucleotide interconversion"
"r2320","Resistance-Nodulation-Cell Division (RND) TCDB:2.A.60.1.2",-200,"Transport, extracellular"
"MMMm","Methylmalonyl-CoA mutase",55.2763443719818,"Valine, leucine, and isoleucine metabolism"
"EX_utp_e","UTP exchange",-100,"Exchange/demand reaction"
"EX_M02451_e","EX M02451[e]",-100,"Exchange/demand reaction"
"O2Stm","Superoxide anion transport via diffusion (mitochondria)",100,"Transport, mitochondrial"
"HMR_7198","HMR 7198",481.016773444197,"Transport, lysosomal"
"EX_ascb__L_e","L-Ascorbate exchange",-19.7900025557324,"Exchange/demand reaction"
"ILETAm","Isoleucine transaminase  mitochondrial",-68.7956749185571,"Valine, leucine, and isoleucine metabolism"
"SRTNt6_2_r","SRTNt6 LPAREN 2 RPAREN r",-243.835,"Transport, extracellular"
"ALOX52","Arachidonate 5-lipoxygenase",300,"Eicosanoid metabolism"
"r0191","UTP:D-fructose-6-phosphate 1-phosphotransferase EC:2.7.1.11",248.703006621633,"Fructose and mannose metabolism"
"CYTK4","Cytidylate kinase (dCMP)(GTP)",-1000,"Nucleotide interconversion"
"PEt","Phosphatidylethanolamine Transport",45.4228726530873,"Transport, extracellular"
"EX_co2_e","CO2 exchange",100,"Exchange/demand reaction"
"3MOBt2im","3-methyl-2-oxobutanoate mitochondrial transport via proton symport",1000,"Transport, mitochondrial"
"DM_C02712_c","Demand for N-Acetylmethionine",1000,"Exchange/demand reaction"
"G5SADs","L-glutamate 5-semialdehyde dehydratase (spontaneous)",231.586681878717,"Urea cycle"
"SK_thr__L_c","Sink thr L[c]",-53.554634045699,"Exchange/demand reaction"
"GLYC2P3Pc","Formation of Glycerol-3-Phosphate",21.4557039973937,"Transport, extracellular"
"SK_leu__L_c","Sink leu L[c]",-93.4357007765736,"Exchange/demand reaction"
"CHOLESTTDe","CHOLESTTDe vesicular transport",-3.49409347649847,"Transport, extracellular"
"RTOTALt","RTOTAL transport",-21.4557039973937,"Transport, extracellular"
"SUCD1m","Succinate dehydrogenase",-55.2763443719818,"Citric acid cycle"
"CYSGLTH","Glutathione:cystine oxidoreductase",-546.011876199843,"Methionine and cysteine metabolism"
"GLY3Pt","Glycerol phopshate free diffusion",-18.9599474099942,"Transport, peroxisomal"
"r0249","D-Ribose-5-phosphate ketol-isomerase Pentose phosphate pathway EC:5.3.1.6",-73.0961686081281,"Pentose phosphate pathway"
"Htr","H transporter, endoplasmic reticulum",8.48560665129731,"Transport, endoplasmic reticular"
"EX_chsterol_e","Cholesterol exchange",-3.49409347649847,"Exchange/demand reaction"
"DTTPtn","DTTP diffusion in nucleus",329.749560762836,"Transport, nuclear"
"RNTR2","Ribonucleoside triphosphate reductase  GTP",1.69523735259947,"Nucleotide interconversion"
"GLUt6","Glutamate transport via Na, H symport and K antiport",337.67,"Transport, extracellular"
"GLU5SAtmc","Glutamate semi-aldehyde transport, mitochondrial",231.586681878717,"Transport, mitochondrial"
"DHRT_ibcoa","Dihydrolipoyllysine-residue (2-methylpropanoyl)transferase, Isobutyryl-CoA forming",55.2763443719818,"Valine, leucine, and isoleucine metabolism"
"DM_dctp_n","Demand for dCTP, Nuclear",389.691883877092,"Exchange/demand reaction"
"SK_HC01115_c","Sink HC01115[c]",1000,NA
"r0385","3-methyl-2-oxobutanoate:[dihydrolipoyllysine-residue (2-methylpropanoyl)transferase] lipoyllysine 2-oxidoreductase (decarboxylating, acceptor-2-methylpropanoylating) EC:1.2.4.4",55.2763443719818,"Miscellaneous"
"DTDPtn","DTDP nuclear transport",-327.50745607675,"Transport, nuclear"
"RE0453C","Nucleoside-Diphosphate Kinase",-670.250439237164,"Pyrimidine synthesis"
"r0784","Xylitol:NAD oxidoreductase Pentose and glucuronate interconversions EC:1.1.1.15",-1000,"Pentose phosphate pathway"
"EX_mlthf_e","Exchange of 5,10-Methylenetetrahydrofolate",-100,"Exchange/demand reaction"
"NDPK1m","Nucleoside-diphosphate kinase (ATP:GDP), mitochondrial",230.535571982414,"Nucleotide interconversion"
"HMR_1081","Leukotriene-C4 Synthase",200,"Leukotriene metabolism"
"SK_chol_c","Sink chol[c]",-591.628160318241,"Exchange/demand reaction"
"CITt4_3","Citrate transport via sodium symport (1:3)",383.958386015889,"Transport, extracellular"
"PYK6","RE2954",1000,"Pyrimidine synthesis"
"H2Otp","H2O transport  peroxisomal",-214.63517896838,"Transport, peroxisomal"
"PUNP7","Purine-nucleoside phosphorylase (Xanthosine)",-100,"Nucleotide interconversion"
"CATp","Catalase A  peroxisomal",40.1049987221338,"Miscellaneous"
"GHMT2r","Glycine hydroxymethyltransferase, reversible",550.756859576877,"Glycine, serine, alanine, and threonine metabolism"
"UPPN","B-ureidopropionase",483.634039346739,"Pyrimidine catabolism"
"EX_lac__D_e","D-lactate exchange",-100,"Exchange/demand reaction"
"RPE","Ribulose 5-phosphate 3-epimerase",-73.0961686081281,"Pentose phosphate pathway"
"COAtim","CoA transporter  mitochondrial   irreversible",-19.5354317936761,"Transport, mitochondrial"
"CYOOm3i","CYOOm3i",67.534,"Oxidative phosphorylation"
"SK_met__L_c","Sink met L[c]",-1000,"Exchange/demand reaction"
"EX_h_e","H+ exchange",-100,"Exchange/demand reaction"
"r1595","Amino Acid-Polyamine-Organocation (APC) TCDB:2.A.3.8.1",100,"Transport, extracellular"
"SK_asp__L_c","Sink asp L[c]",876.6430390856,"Exchange/demand reaction"
"SK_ala__L_c","Sink ala L[c]",491.873231619219,"Exchange/demand reaction"
"SK_xol7ah3_c","Sink for 5Beta-Cholestane-3Alpha, 7Alpha, 26-Triol",-166.78387750862,"Exchange/demand reaction"
"O2tp","O2 transport glycosome",28.2690125557324,"Transport, peroxisomal"
"RNTR4","Ribonucleoside triphosphate reductase  UTP",-90.3557470878078,"Nucleotide interconversion"
"r1556","Amino Acid-Polyamine-Organocation (APC) TCDB:2.A.3.8.1",-100,"Transport, extracellular"
"NADtx","Nad transport, glycosomal",633.103475834039,"Transport, peroxisomal"
"H2Otm","H2O transport  mitochondrial",-314.767615164457,"Transport, mitochondrial"
"GBA2e","Beta-Glucosidase, Plasma Membrane (Gba2)",2.99483939660076,"Sphingolipid metabolism"
