Gene,baseMean,log2FoldChange,lfcSE,stat,pvalue,padj,expression
2900026A02Rik,3734.338049,0.266645136,0.091690691,2.908093875,0.003636392,0.129213115,upregulated
A830018L16Rik,4140.605882,0.277448915,0.09985776,2.778441197,0.00546204,0.162027441,upregulated
Aacs,2368.398533,0.27060772,0.087514266,3.092155518,0.001987087,0.090810717,upregulated
Abca3,5676.118697,0.39792351,0.074116481,5.368893752,7.9221070719587e-08,3.96059469029115e-05,upregulated
Acat2,2340.003913,0.453676042,0.087879872,5.162456812,2.43729618578693e-07,0.000105977,upregulated
Acsm4,7.684907691,5.79196782,1.661144799,3.486732659,0.00048896,0.038655904,upregulated
Acvr2a,2821.159055,0.35710908,0.114566358,3.11705012,0.001826705,0.086901451,upregulated
Adgrg6,308.4754296,0.843105851,0.224328629,3.758351549,0.000171036,0.019094835,upregulated
Ahcy,1377.480904,0.374679049,0.122866588,3.049478737,0.002292389,0.099676676,upregulated
Ak5,8180.286736,0.276178676,0.103479101,2.668931927,0.007609287,0.199568651,upregulated
Alad,1482.671801,0.664629273,0.194099883,3.424161115,0.0006167,0.045310866,upregulated
Angpt1,608.46245,0.443362469,0.136288904,3.253107607,0.001141503,0.069088086,upregulated
Anxa7,5051.283775,0.299185868,0.070001513,4.273991466,1.92004387594232e-05,0.003965611,upregulated
Aox2,14.04879607,3.478732387,1.338140254,2.599676961,0.009331155,0.217459352,upregulated
Apcdd1,1826.503625,0.422254725,0.114712417,3.680985334,0.000232334,0.023125667,upregulated
Aqp4,16000.87076,0.326897075,0.089986276,3.632743685,0.000280424,0.026476789,upregulated
Armcx5,1191.236266,0.457762557,0.115325346,3.969314399,7.20797253128736e-05,0.010447134,upregulated
Atg16l2,884.825234,0.486032569,0.146984841,3.306685001,0.00094407,0.060919329,upregulated
Atm,1319.04161,0.288503312,0.101278082,2.848625354,0.004390855,0.143948612,upregulated
Baiap2l2,156.145322,1.6206468,0.338390462,4.789280373,1.67380480676582e-06,0.000531851,upregulated
Bpifa6,8.068655978,5.858766205,1.892820318,3.095257457,0.001966421,0.090253274,upregulated
Bpifb9b,16.62902612,7.498783612,1.581560685,4.741382156,2.12265111596815e-06,0.000649492,upregulated
Btbd8,5202.846357,0.28054418,0.099324626,2.824517873,0.004735181,0.150750272,upregulated
C4a,174.6742732,1.942771097,0.312423325,6.218393252,5.02271466346146e-10,4.6105730213541e-07,upregulated
C4b,12607.06842,0.676676189,0.197477,3.426607606,0.000611172,0.045310866,upregulated
Caln1,13523.95154,0.26818003,0.102149808,2.625360095,0.008655737,0.212721659,upregulated
Camk2d,8700.366256,0.314199399,0.087188089,3.603696365,0.000313724,0.028798077,upregulated
Camk4,2406.078388,0.401778501,0.136629311,2.940646471,0.003275281,0.120797924,upregulated
Ccdc3,1084.808819,0.496842194,0.120779054,4.113645353,3.8945962015088e-05,0.006845789,upregulated
Ccdc74a,1476.486692,0.323150718,0.110391688,2.927310225,0.003419077,0.122717942,upregulated
Ccl17,50.05183848,1.589927173,0.510022838,3.117364661,0.001824757,0.086901451,upregulated
Ccl3,118.4468189,1.024287356,0.343852182,2.97885955,0.002893234,0.113821189,upregulated
Ccn2,1406.820051,0.444532075,0.1397421,3.181089132,0.001467225,0.077312437,upregulated
Cd209b,68.96678477,1.349349152,0.509748289,2.647089125,0.008118795,0.203419689,upregulated
Cdh13,3864.295104,0.316009603,0.120388105,2.624923803,0.008666836,0.212721659,upregulated
Cdh18,971.877393,0.392775565,0.15026763,2.613840154,0.008953091,0.214023291,upregulated
Cdnf,107.0219369,0.962371272,0.367325276,2.619942963,0.008794447,0.213761631,upregulated
Cfap92,157.2465425,1.295947504,0.438504995,2.955376833,0.003122874,0.119442686,upregulated
Chm,3054.526325,0.308769404,0.101062566,3.055230196,0.002248878,0.098562913,upregulated
Chpf2,1782.507924,0.266731808,0.102281984,2.607808314,0.009112397,0.216045345,upregulated
Ciart,652.8339242,0.636492619,0.161816727,3.933416727,8.37468606682542e-05,0.01172669,upregulated
Cirbp,3217.840793,0.333618508,0.098000395,3.404256781,0.000663444,0.047869334,upregulated
Cnot11,1671.748195,0.263755968,0.100484375,2.624845602,0.008668827,0.212721659,upregulated
Cnr1,8696.424028,0.256911366,0.09623465,2.669634753,0.00759338,0.199468065,upregulated
Col16a1,1417.345385,0.363428038,0.140364226,2.589178506,0.009620521,0.218666997,upregulated
Cracr2b,153.3792783,0.670177677,0.259439419,2.583175987,0.009789537,0.220506957,upregulated
Cripto,55.12142614,1.960039868,0.434869575,4.507190161,6.56917554448047e-06,0.001695976,upregulated
Cryl1,764.5652017,0.424945728,0.135184595,3.143447885,0.001669701,0.083317987,upregulated
Cryzl2,951.8069926,0.470238855,0.110192583,4.267427466,1.97740033895321e-05,0.004033653,upregulated
Cst7,902.4860554,2.830187999,0.430311725,6.577064565,4.79826459338701e-11,6.60681048971113e-08,upregulated
Ctse,253.9449431,2.546203855,0.878130946,2.899571944,0.003736726,0.130809154,upregulated
Cxcl5,121.9070684,1.525187684,0.48847878,3.12232127,0.00179431,0.086901451,upregulated
Cybrd1,488.5909629,0.759987286,0.207870345,3.656064005,0.000256117,0.025145621,upregulated
Cyp26c1,5.1033327,5.793577911,1.967903346,2.944035805,0.003239625,0.120797924,upregulated
Cyp2a5,122.5379284,2.905893059,0.787334861,3.690796892,0.000223553,0.022702003,upregulated
Cyp2g1,40.69617348,3.220922366,0.933765857,3.449389741,0.000561855,0.04293024,upregulated
Dbp,4868.986776,0.563855913,0.082204743,6.859165214,6.92640978646525e-12,1.14445068901765e-08,upregulated
Dcstamp,35.27069272,2.097042405,0.492787202,4.255472534,2.08607972892669e-05,0.004203451,upregulated
Ddah2,670.9309849,0.42639312,0.152058498,2.804138707,0.00504512,0.155048295,upregulated
Ddx28,743.1656729,0.350426194,0.125694804,2.787913123,0.005304877,0.158431834,upregulated
Ddx59,449.0761793,0.432805377,0.166828192,2.594317975,0.009477879,0.218666997,upregulated
Dhcr24,7045.785354,0.275934181,0.091440718,3.017629202,0.002547604,0.105498906,upregulated
Dipk1a,1262.008237,0.421119187,0.122916789,3.426051002,0.000612425,0.045310866,upregulated
Dpp3,2021.810923,0.36068651,0.133965319,2.692387204,0.007094253,0.190598926,upregulated
Dync2li1,877.7036603,0.343140891,0.111517509,3.077013595,0.002090858,0.093878372,upregulated
Efcab6,272.6848125,0.616172506,0.206312182,2.986602629,0.002820961,0.112412802,upregulated
Endou,258.6945291,0.698334377,0.241080248,2.896688477,0.00377124,0.131738275,upregulated
Epha6,1676.051695,0.307174996,0.097552468,3.148818302,0.001639321,0.082580789,upregulated
Erc1,2744.371946,0.262006431,0.090336703,2.900331995,0.003727676,0.130809154,upregulated
Ermardl2,167.6727543,1.341850342,0.301511062,4.450418277,8.57032027703599e-06,0.002052281,upregulated
Fam135a,1928.923212,0.252124875,0.085516902,2.94824613,0.003195825,0.120341178,upregulated
Fam3c,3374.909996,0.253354193,0.089066411,2.844553751,0.004447368,0.144539524,upregulated
Fdft1,5092.197209,0.474260168,0.087044467,5.448481533,5.08016647278955e-08,2.62311220718443e-05,upregulated
Fdps,1392.216722,0.440317605,0.110498384,3.984832983,6.7527604265197e-05,0.010051879,upregulated
Fgfbp1,238.0752657,0.947478871,0.316347009,2.995061895,0.002743892,0.111120883,upregulated
Flnc,655.6358312,0.684827734,0.143704324,4.765533246,1.88354834755014e-06,0.000587205,upregulated
Fmo6,5.636831383,5.937670341,2.077513133,2.858066333,0.004262313,0.141757162,upregulated
Fndc3c1,9.395718494,6.675305789,1.644137967,4.060064255,4.90592132088438e-05,0.008042662,upregulated
Foxe1,6.637501511,6.174708075,1.997132739,3.091786516,0.001989559,0.090810717,upregulated
Gabra2,9304.346235,0.643242076,0.112013869,5.742521701,9.32769205807527e-09,6.42172732814907e-06,upregulated
Gadl1,151.2007613,0.976346745,0.262425114,3.720477553,0.000198846,0.02106115,upregulated
Gfap,101012.7817,0.775466418,0.248689413,3.118212423,0.001819516,0.086901451,upregulated
Gfy,45.33229224,2.725913817,0.868576352,3.138369829,0.001698904,0.08404487,upregulated
Glo1,7232.25701,0.543535349,0.069604708,7.808887684,5.76948843195182e-15,2.3832314340285e-11,upregulated
Glp2r,144.0284803,0.993253575,0.374634816,2.65125806,0.008019254,0.202950785,upregulated
Gm14295,705.1887338,0.674996578,0.219924995,3.06921265,0.002146238,0.095073148,upregulated
Gm14305,841.2458082,0.620847045,0.239173467,2.59580234,0.009437034,0.218666997,upregulated
Gm14443,94.5461382,1.335273316,0.454431493,2.938337985,0.003299771,0.120919961,upregulated
Gm21103,5.71828434,5.957968698,2.094357622,2.844771416,0.00444433,0.144539524,upregulated
Gm49909,16.38076024,2.707709757,0.922109484,2.936429789,0.00332014,0.121190934,upregulated
Gm572,4.700605252,5.67711738,2.19053122,2.591662391,0.009551345,0.218666997,upregulated
Gnb4,1621.73149,0.393588412,0.121261837,3.245773119,0.001171321,0.069906104,upregulated
Gpr22,3024.493432,0.508871093,0.131873082,3.858794282,0.000113948,0.01437221,upregulated
Gpr34,1807.594491,0.51363488,0.152142139,3.376019846,0.000735426,0.051489179,upregulated
Gramd1c,171.8225256,0.811167328,0.282554744,2.870832455,0.004093925,0.139185009,upregulated
Gsr,2474.048306,0.308943261,0.095483201,3.235577133,0.001213971,0.071049184,upregulated
H2-DMa,824.1235929,0.458422235,0.14419787,3.179119313,0.001477233,0.077486718,upregulated
H2-DMb2,68.18644964,1.273645087,0.435255876,2.926198491,0.003431319,0.122717942,upregulated
H2-Ob,151.6522729,1.394485814,0.499970679,2.789135186,0.0052849,0.158431834,upregulated
H2-T26,3.118811102,5.085231512,1.973206809,2.577140668,0.00996214,NA,upregulated
H2-T27,4.130759362,5.488739739,1.831507555,2.996842533,0.002727916,NA,upregulated
H2-T3,4.592204245,5.036138791,1.892773037,2.66071985,0.00779738,0.200433866,upregulated
H4c1,9.045784449,5.431818025,1.338026582,4.059574076,4.91623100072335e-05,0.008042662,upregulated
Habp2,6.075343464,4.839390141,1.72612322,2.803618006,0.005053274,0.155048295,upregulated
Hcar2,104.2864054,1.13839803,0.412696542,2.758438503,0.005807823,0.16811452,upregulated
Hddc3,667.3543095,0.988427656,0.379632738,2.603641772,0.009223911,0.217028682,upregulated
Hdhd3,302.1877387,0.743684323,0.241890862,3.074462245,0.002108824,0.094101151,upregulated
Hmga1b,652.876371,8.263459984,0.498701781,16.56994279,1.14935088589591e-61,1.89907246876581e-57,upregulated
Hmgcr,5210.530321,0.388931212,0.077717603,5.004415965,5.60316483821226e-07,0.000210412,upregulated
Hmgcs1,12262.35722,0.386733181,0.0739779,5.227685296,1.71645344195524e-07,7.6651243841693e-05,upregulated
Hpse,156.8852308,1.368647479,0.342945922,3.990855097,6.58354967442835e-05,0.009979816,upregulated
Hspa2,2561.238483,0.337061614,0.099317386,3.393782569,0.000689344,0.049094961,upregulated
Idh1,2869.94715,0.263202048,0.074002237,3.556676922,0.000375576,0.033233936,upregulated
Ifitm2,530.5889497,0.612890001,0.16584613,3.695533922,0.000219425,0.02251902,upregulated
Igfbp5,15932.56403,0.451140004,0.079207149,5.695698052,1.22868162061321e-08,8.12060256695681e-06,upregulated
Ip6k3,151.7780755,1.68970041,0.26114183,6.47043183,9.77232337701482e-11,1.15334356541726e-07,upregulated
Itgax,339.5517386,1.22480673,0.232259437,5.273442266,1.33888386235876e-07,6.14510501604272e-05,upregulated
Jchain,126.6858752,2.811049124,0.794547971,3.537922476,0.000403288,0.033904966,upregulated
Klf11,543.434831,0.394140705,0.137957212,2.856977901,0.004276956,0.141757162,upregulated
Lag3,751.5455617,0.460774328,0.139739987,3.2973692,0.000975951,0.061923631,upregulated
Laptm5,4353.346328,0.362671344,0.126740742,2.861521395,0.00421613,0.141591715,upregulated
Ldlr,1979.946713,0.476028584,0.119418214,3.986230974,6.71311646440207e-05,0.010051879,upregulated
Lpl,2480.115639,0.551641512,0.117646545,4.688973333,2.74579164006897e-06,0.000824886,upregulated
Lrrn3,3180.068649,0.302239813,0.085365422,3.540541415,0.000399307,0.033904966,upregulated
Lsm11,1954.433262,0.298941744,0.106580978,2.804832054,0.00503428,0.155048295,upregulated
Lss,2205.615151,0.376677556,0.083913445,4.48888203,7.15979313234961e-06,0.001782018,upregulated
Ltbp2,91.33497259,1.939918022,0.549550316,3.530009837,0.000415544,0.034330185,upregulated
Masp1,753.6469432,0.436602023,0.122979311,3.550207107,0.000384928,0.033830684,upregulated
Mblac2,1968.391273,0.366967082,0.114484579,3.205384389,0.001348822,0.074022398,upregulated
Me3,2589.449864,0.435362691,0.097029285,4.486920545,7.22600069800304e-06,0.001782018,upregulated
Mef2c,18264.97026,0.430607351,0.152762028,2.818811438,0.004820182,0.152016721,upregulated
Met,381.5278746,0.885529516,0.230707394,3.838323081,0.000123877,0.014725371,upregulated
Mfap3l,5001.43994,0.463997608,0.081718983,5.677966041,1.36305765968728e-08,8.66223142731268e-06,upregulated
Mpv17l,3978.98317,0.252490851,0.090929017,2.776790717,0.005489852,0.162560603,upregulated
Mrgprf,181.3296462,1.007061729,0.33576194,2.999332588,0.002705718,0.109844162,upregulated
Msh5,70.6923759,2.423204282,0.382896165,6.32861988,2.47363638953789e-10,2.55449337902091e-07,upregulated
Msmo1,4637.029201,0.291072476,0.090075234,3.231437348,0.001231693,0.071194612,upregulated
Mybpc1,177.0089923,0.995017521,0.356960229,2.787474459,0.005312064,0.158431834,upregulated
Nbl1,4122.420336,0.37303933,0.129599711,2.878396322,0.003997026,0.137227287,upregulated
Ndn,13112.73656,0.294634711,0.103135549,2.856771635,0.004279736,0.141757162,upregulated
Nek11,123.874411,0.892757571,0.298186094,2.993961114,0.00275381,0.1112499,upregulated
Nek6,2352.777469,0.384135014,0.099763408,3.850460007,0.000117896,0.014537303,upregulated
Neu3,257.1917072,0.689075439,0.241208477,2.856762943,0.004279854,0.141757162,upregulated
Nip7,1419.883052,0.321243643,0.105614947,3.041649421,0.002352858,0.101432594,upregulated
Nol3,1336.805591,0.515933951,0.126638786,4.074059506,4.62006685856991e-05,0.007710845,upregulated
Nptxr,35825.80163,0.261919783,0.101108914,2.590471726,0.009584449,0.218666997,upregulated
Npy2r,1093.14575,0.506935267,0.16298061,3.110402309,0.001868327,0.087451458,upregulated
Nr1d1,5578.171451,0.283372866,0.086015497,3.294439666,0.000986181,0.061923631,upregulated
Nr2f1,5694.366718,0.250108808,0.088228132,2.83479659,0.004585487,0.147404678,upregulated
Nsdhl,1277.582196,0.518744714,0.112897822,4.59481597,4.3313135286352e-06,0.001233902,upregulated
Nyap2,1975.077641,0.269379695,0.098550447,2.733419304,0.006268048,0.175400235,upregulated
Or6d12,4.153559928,5.498621704,2.068955608,2.657679886,0.007868059,NA,upregulated
Osbpl10,1370.486557,0.306731733,0.095711422,3.204755789,0.001351771,0.074022398,upregulated
Osmr,845.8139494,0.693444636,0.178739395,3.879640722,0.000104611,0.013587558,upregulated
P4ha3,744.143765,0.573122482,0.178525919,3.210304059,0.001325946,0.073607617,upregulated
Pacrg,890.2456472,0.460967564,0.137343382,3.35631436,0.000789887,0.054154804,upregulated
Pak5,2165.872235,0.26619011,0.089269811,2.981860355,0.002865026,0.113629347,upregulated
Pcdhac2,1690.163381,0.339840246,0.1227625,2.768274082,0.005635404,0.165388601,upregulated
Pcdhb9,1092.128137,0.527414998,0.159841241,3.299617755,0.000968166,0.061764505,upregulated
Pcdhga9,665.2980726,0.444678889,0.140117975,3.173603451,0.001505592,0.077916603,upregulated
Pdcd1,79.07471551,1.286390068,0.434599014,2.959947048,0.003076919,0.11850801,upregulated
Pde1a,8620.574845,0.384400419,0.110607054,3.47536982,0.00051015,0.039573712,upregulated
Phf7,286.6129518,0.769689381,0.189811671,4.055016086,5.0130852808724e-05,0.008120707,upregulated
Pikfyve,3458.512061,0.28930669,0.094627577,3.057319015,0.002233265,0.098138911,upregulated
Piwil2,45.41540006,1.322204635,0.4974739,2.657837194,0.007864387,0.201150577,upregulated
Plekho1,1723.937533,0.296353102,0.092350672,3.208997769,0.001331985,0.073607617,upregulated
Poc1a,253.5509163,0.663281569,0.253602121,2.615441727,0.008911213,0.214023291,upregulated
Pomc,407.1248967,2.382960023,0.763374188,3.121614616,0.001798622,0.086901451,upregulated
Prkn,461.2096454,0.668577549,0.170482704,3.921673782,8.79359927493989e-05,0.012209802,upregulated
Prss41,84.81324288,4.789664161,0.510658331,9.37939102,6.63548611603079e-21,3.65460456983923e-17,upregulated
Rap2b,1760.325746,0.273816538,0.104741446,2.614213832,0.008943304,0.214023291,upregulated
Rasal1,3812.154524,0.258782147,0.097186025,2.662750617,0.007750483,0.200433866,upregulated
Rbm11,435.0196039,0.52757799,0.189215222,2.78824285,0.00529948,0.158431834,upregulated
Rbm3,3185.83102,0.4695304,0.138053592,3.401073413,0.000671218,0.048010974,upregulated
Reln,5031.597575,0.42661019,0.107470347,3.96956185,7.20049150612722e-05,0.010447134,upregulated
Rgs14,2383.307059,0.340587393,0.113921702,2.989662074,0.002792862,0.112005983,upregulated
Rida,2959.769519,0.262147236,0.084155977,3.115016262,0.001839348,0.086901451,upregulated
Rims1,14744.65497,0.452925352,0.068724124,6.590485634,4.38390220754202e-11,6.58501965229243e-08,upregulated
Rnase4,1860.904363,0.345251092,0.117963962,2.926750568,0.003425235,0.122717942,upregulated
Rnf151,18.26859639,4.920772591,1.285480041,3.82796499,0.000129207,0.01524921,upregulated
Rprm,2073.292688,0.366488363,0.137746919,2.66059209,0.007800339,0.200433866,upregulated
Rrp36,886.4740062,0.369116215,0.116216668,3.176103927,0.001492675,0.077802723,upregulated
Rtp1,75.38359441,1.780479184,0.495425966,3.593835017,0.000325846,0.029745618,upregulated
Rwdd3,272.8349298,0.566996292,0.205179789,2.763412004,0.005720051,0.167278599,upregulated
S100b,13509.65214,0.314296123,0.111819893,2.81073533,0.004942843,0.154095454,upregulated
Samsn1,242.6566626,0.743289572,0.286920541,2.590576364,0.009581536,0.218666997,upregulated
Scgb1c1,23.87497567,4.029411601,1.142195488,3.52777755,0.000419064,0.034448743,upregulated
Sema3b,767.6454886,0.553872984,0.179233567,3.090230222,0.002000014,0.091036451,upregulated
Serpina1a,18.33373524,2.422253451,0.909933094,2.6620127,0.007767495,0.200433866,upregulated
Serpinf2,114.2388874,1.039458499,0.392565811,2.647857941,0.008100356,0.203419689,upregulated
Siglech,1342.185562,0.481200944,0.137248782,3.50604893,0.000454812,0.036819894,upregulated
Slc14a1,1893.674808,0.451128957,0.10822429,4.168463079,3.06660421704019e-05,0.005568077,upregulated
Slc1a7,4.447639515,5.596399198,1.962517649,2.851642736,0.004349395,0.143157491,upregulated
Slc26a2,1267.235072,0.48464168,0.165242827,2.932905998,0.003358055,0.121945386,upregulated
Slc66a3,323.7087681,0.633199655,0.173141835,3.657115308,0.00025507,0.025145621,upregulated
Slco2b1,1872.610962,0.309245779,0.101755752,3.03909875,0.002372871,0.101432594,upregulated
Smyd2,2142.983199,0.271479097,0.100592939,2.698788798,0.006959233,0.18788791,upregulated
Snx10,6764.860472,0.298727331,0.087807012,3.40208969,0.000668727,0.048010974,upregulated
Sqle,3919.968782,0.406769776,0.087130466,4.668513701,3.03386549505616e-06,0.000879448,upregulated
Srd5a3,931.1129868,0.273994199,0.10586853,2.588060872,0.009651792,0.219061214,upregulated
St14,197.8493262,1.499294605,0.29780674,5.034454911,4.79210450569992e-07,0.000184139,upregulated
St6gal2,1589.502428,0.411369636,0.15444369,2.663557425,0.007731921,0.200433866,upregulated
Stard4,2534.284251,0.602428133,0.094296523,6.38865692,1.67349039361918e-10,1.84340545158465e-07,upregulated
Sugct,306.031786,0.539237274,0.194502779,2.772388527,0.005564657,0.164187206,upregulated
Tafa1,1469.634109,0.425051824,0.129098514,3.292461015,0.000993147,0.061923631,upregulated
Tbc1d24,5829.098762,0.255994521,0.068727648,3.72476768,0.000195495,0.02106115,upregulated
Tcim,95.78304996,0.881251898,0.322345133,2.733876851,0.006259345,0.175400235,upregulated
Tfcp2l1,700.1649689,0.540347435,0.208103752,2.596529035,0.009417095,0.218666997,upregulated
Tfrc,4645.22944,0.57384635,0.08270938,6.938104846,3.97394755917723e-12,7.2957261689206e-09,upregulated
Tgfbr1,2972.061017,0.286268501,0.080959158,3.535961929,0.000406293,0.033904966,upregulated
Tgfbr2,2737.353296,0.329288786,0.090111268,3.654246522,0.000257938,0.025145621,upregulated
Thbs2,1097.588086,0.641272773,0.151057523,4.245222339,2.18376774434553e-05,0.004347276,upregulated
Tlr12,92.20972107,0.904048704,0.321862857,2.808800965,0.004972638,0.154441533,upregulated
Tmem178,2553.588155,0.41796084,0.138573592,3.016165159,0.002559938,0.105744631,upregulated
Tnfaip8l3,1004.489306,0.420414279,0.143082479,2.938265271,0.003300545,0.120919961,upregulated
Tnxb,630.2691934,0.573472718,0.168437706,3.404657618,0.000662471,0.047869334,upregulated
Tox3,940.8735269,0.523623628,0.147567963,3.548355739,0.000387644,0.033889135,upregulated
Trem2,2553.383328,0.920888783,0.146486902,6.286492308,3.24719097319239e-10,3.15607861470929e-07,upregulated
Trhde,1488.720661,0.32828399,0.12246555,2.680623168,0.007348522,0.195208396,upregulated
Trhr,397.5980527,0.633912169,0.232579756,2.725568981,0.006419076,0.178256127,upregulated
Trmt10c,652.1670165,0.435673634,0.140466477,3.101619994,0.001924649,0.088829518,upregulated
Trmt6,1314.39126,0.49639684,0.131558069,3.773214699,0.000161157,0.018114321,upregulated
Tspan4,1172.238613,0.490909772,0.126366719,3.884802704,0.000102413,0.013429923,upregulated
Tyrobp,2095.036907,0.507475839,0.164812916,3.079102362,0.002076253,0.093476658,upregulated
Ube2l6,1046.685356,0.444894106,0.156422745,2.844177851,0.004452619,0.144539524,upregulated
Unc5d,3739.90523,0.696688582,0.139920916,4.979159668,6.38609429844789e-07,0.000229386,upregulated
Usp2,3355.948444,0.321085142,0.084964883,3.779033537,0.000157438,0.017940357,upregulated
Ust,1883.206074,0.319565651,0.114330453,2.795105258,0.005188282,0.157007295,upregulated
Vars2,1117.645445,0.325189934,0.106749192,3.046298778,0.002316775,0.10047263,upregulated
Vsir,2601.302645,0.402101522,0.100201645,4.012923382,5.99713831415651e-05,0.009420293,upregulated
Wdfy1,2774.538336,0.770674017,0.105936204,7.274887965,3.46708070718848e-13,9.54776242081254e-10,upregulated
Wnt16,89.53275985,0.966837484,0.344866374,2.803513351,0.005054914,0.155048295,upregulated
Wrn,803.2569363,0.345758444,0.126436938,2.734631594,0.006245013,0.175400235,upregulated
Zfp119a,258.2389598,0.786028448,0.192620439,4.080711546,4.48980455202046e-05,0.007710845,upregulated
Zfp346,1758.131033,0.264355456,0.094611704,2.794109453,0.005204286,0.15720369,upregulated
Zfp617,1271.290335,0.255387042,0.092472499,2.761762097,0.005749035,0.167533173,upregulated
Zfp983,932.8233402,0.490699607,0.12025404,4.080524918,4.49341116769308e-05,0.007710845,upregulated
Zkscan1,3735.901314,0.413862389,0.073784665,5.609056935,2.03432095829325e-08,1.20046732835284e-05,upregulated
1110002E22Rik,108.084051,-1.363434382,0.299337682,-4.55483711,5.24261870360259e-06,0.0014682,downregulated
1700001K19Rik,88.97774952,-1.181297636,0.388482581,-3.040799494,0.002359509,0.101432594,downregulated
9130008F23Rik,13.60763173,-3.385887559,1.088305681,-3.111154907,0.001863572,0.087451458,downregulated
Acaa1a,3115.469379,-0.374632967,0.118883768,-3.151254145,0.00162571,0.082397547,downregulated
Acer2,618.8214949,-0.629719036,0.181932848,-3.461271795,0.00053763,0.041317469,downregulated
Acot11,2594.744584,-0.567564935,0.104021886,-5.456206911,4.86413095894184e-08,2.592581801116e-05,downregulated
Acp5,74.60349908,-1.751347609,0.429652728,-4.076193391,4.57789496929617e-05,0.007710845,downregulated
Acsbg1,9912.78957,-0.267961853,0.080529824,-3.327485882,0.000876334,0.058091981,downregulated
Actb,52905.12001,-0.29861864,0.098523804,-3.03092885,0.002438027,0.102502592,downregulated
Acy1,612.3387074,-0.475326117,0.135634599,-3.504460673,0.000457533,0.036819894,downregulated
Adam8,200.6895424,-1.09183576,0.396814032,-2.751504915,0.005932213,0.169923066,downregulated
Adamtsl2,334.9300101,-0.537889019,0.202822753,-2.652015178,0.008001295,0.202950785,downregulated
Adgrf4,67.50596063,-1.197925102,0.428172293,-2.797764175,0.005145767,0.156293207,downregulated
Adgrg1,5239.441447,-0.297604354,0.080758846,-3.685099122,0.000228614,0.023032825,downregulated
Adm,136.9965685,-0.999924214,0.300579621,-3.326653382,0.000878956,0.058091981,downregulated
Ahcyl,126.6292363,-6.229403086,0.954109742,-6.529021568,6.62007186661797e-11,8.41411134247144e-08,downregulated
Akt2,5437.375973,-0.315361113,0.094168554,-3.348900452,0.000811329,0.054784312,downregulated
Aldh1l1,3849.808383,-0.303213022,0.10538249,-2.877261887,0.004011425,0.137227287,downregulated
Aldh7a1,3825.627057,-0.438919661,0.130234793,-3.370218143,0.000751087,0.052363757,downregulated
Amot,1775.463953,-0.36830272,0.115039589,-3.201530213,0.001366997,0.074299006,downregulated
Angptl4,185.5192728,-0.790342788,0.28717971,-2.752084363,0.005921726,0.169923066,downregulated
Anln,3743.539452,-0.358352205,0.109678818,-3.26728728,0.001085834,0.06620384,downregulated
Apln,1260.136549,-1.217358452,0.115655604,-10.52571959,6.57570642120959e-26,5.4325198598823e-22,downregulated
Arc,6378.950118,-0.703230567,0.117143287,-6.003165764,1.93506878643906e-09,1.52253055039679e-06,downregulated
Arhgap11a,281.4201223,-0.597950193,0.225913396,-2.646811583,0.008125461,0.203419689,downregulated
Arhgef19,1220.599091,-0.453358563,0.169561093,-2.673718101,0.007501548,0.197839271,downregulated
Arid5a,682.2138615,-0.366121334,0.13309412,-2.750845303,0.005944171,0.169923066,downregulated
Arl4d,759.2102327,-0.627223392,0.173124974,-3.622951549,0.00029126,0.027036492,downregulated
Aspm,64.37083582,-2.372279955,0.667065697,-3.55629133,0.000376127,0.033233936,downregulated
Atf3,161.7711478,-0.881372266,0.280531627,-3.141792869,0.001679168,0.083317987,downregulated
Atp13a4,965.1617346,-0.319443629,0.105301668,-3.033604635,0.002416509,0.101857085,downregulated
Atp6v0c,13533.36257,-0.878015645,0.237459203,-3.697543136,0.000217696,0.022481218,downregulated
Banp,1323.440241,-0.498601284,0.134116844,-3.71766341,0.000201074,0.02116143,downregulated
Baz1a,206.4627473,-0.835653475,0.228911138,-3.650558396,0.000261671,0.02518209,downregulated
Bcan,12193.19187,-0.278999177,0.065163094,-4.281552,1.8559434060428e-05,0.003931507,downregulated
Bcor,1916.582862,-0.296849401,0.102782331,-2.888136475,0.003875317,0.133957868,downregulated
Birc5,75.36778444,-1.477040096,0.570395153,-2.589503237,0.009611452,0.218666997,downregulated
Brip1,21.66976591,-2.305816839,0.69982673,-3.294839622,0.000984779,0.061923631,downregulated
Btbd17,1356.750398,-0.531620275,0.141590457,-3.754633499,0.000173595,0.019139411,downregulated
C5ar1,120.1942813,-1.319306942,0.338772873,-3.894370089,9.8454238382372e-05,0.013014075,downregulated
Calr,15464.29084,-0.339513301,0.06678238,-5.083875416,3.69810554743279e-07,0.000145485,downregulated
Capn11,52.29185326,-2.191185284,0.815671237,-2.686358405,0.007223556,0.193130764,downregulated
Caskin2,1845.132824,-0.335952464,0.104475142,-3.215621045,0.001301626,0.073406572,downregulated
Castor2,10271.35344,-0.273559,0.065359061,-4.185479343,2.8456494771144e-05,0.00534303,downregulated
Cbs,1485.853044,-0.87524069,0.124959714,-7.00418289,2.48431418532386e-12,5.13104041051326e-09,downregulated
Ccdc137,1107.748947,-0.350756424,0.122324057,-2.867436151,0.004138123,0.140111076,downregulated
Ccdc202,3.467565994,-5.250090571,1.985959328,-2.643604275,0.008202849,NA,downregulated
Ccdc88c,1853.975345,-0.305452814,0.082976631,-3.681190848,0.000232147,0.023125667,downregulated
Ccna2,162.9563044,-1.288386097,0.436413711,-2.952212691,0.003155055,0.120117462,downregulated
Ccnb1,73.45984665,-2.424380999,0.582762432,-4.160153202,3.18034189875693e-05,0.005711825,downregulated
Ccnb2,59.69419271,-1.707360705,0.513659389,-3.323916085,0.000887629,0.05819958,downregulated
Cd36,186.7447562,-0.827073418,0.266110923,-3.108002516,0.001883565,0.087897784,downregulated
Cd38,469.3247895,-0.493125795,0.180023394,-2.73923174,0.006158295,0.17440051,downregulated
Cd5l,20.70616087,-3.536710393,1.184297299,-2.986336621,0.002823417,0.112412802,downregulated
Cdca2,33.31596886,-2.424883325,0.752442382,-3.222683068,0.00126996,0.072357057,downregulated
Cdca3,84.14156238,-1.974669059,0.458119008,-4.310384473,1.6297095225044e-05,0.0035527,downregulated
Cdca8,84.72175406,-1.98180281,0.387879055,-5.109331848,3.23300077752164e-07,0.000136971,downregulated
Cdkn1a,710.354792,-0.57402822,0.176723044,-3.248179791,0.001161459,0.069784653,downregulated
Ceacam1,220.6282466,-0.666186383,0.245441854,-2.71423301,0.006642942,0.181799703,downregulated
Cenpf,163.8720295,-1.26588101,0.459735193,-2.753500338,0.005896171,0.169725492,downregulated
Cep89,535.9693138,-0.484757376,0.172059897,-2.817375719,0.004841785,0.152016721,downregulated
Cep97,1673.916815,-0.266988005,0.100368242,-2.660084501,0.007812105,0.200433866,downregulated
Chat,210.9572919,-1.209320693,0.427600723,-2.828153998,0.004681728,0.149336276,downregulated
Chdh,550.1730857,-0.490570392,0.184844204,-2.653966855,0.007955164,0.202531858,downregulated
Chga,6979.421256,-0.286757315,0.094421479,-3.036992419,0.002389515,0.101432594,downregulated
Ckap2,134.97339,-1.614565436,0.544161352,-2.967071129,0.003006514,0.116668474,downregulated
Ckap2l,89.99890613,-1.64185222,0.595611148,-2.756584099,0.005840859,0.168667277,downregulated
Cldn5,1990.980613,-0.57457314,0.134340053,-4.277005464,1.89424155437263e-05,0.003961842,downregulated
Clic4,8626.413967,-0.257408543,0.080387639,-3.202091088,0.001364338,0.074299006,downregulated
Col26a1,240.0095856,-0.868709035,0.285753167,-3.040067915,0.002365248,0.101432594,downregulated
Col2a1,140.2924193,-0.941870397,0.343495318,-2.742018152,0.006106297,0.173656352,downregulated
Col4a1,2076.097909,-0.495912217,0.147367484,-3.365140009,0.000765048,0.053112994,downregulated
Col5a3,240.13257,-0.79646111,0.240870936,-3.306588681,0.000944395,0.060919329,downregulated
Cox7a2l,8392.086414,-0.272546938,0.092639268,-2.94202388,0.003260748,0.120797924,downregulated
Crybb1,208.1188404,-0.693881121,0.246011442,-2.820523779,0.004794532,0.152016721,downregulated
Cxcr5,4.314470745,-5.565165239,1.984649576,-2.804104718,0.005045651,NA,downregulated
Cyp2e1,11.97748287,-2.971425373,1.096511593,-2.709889611,0.00673056,0.183816612,downregulated
Cyp2s1,348.7152704,-0.503517849,0.184919056,-2.722909467,0.006470979,0.179095449,downregulated
Cyp4f14,531.5095892,-0.460642262,0.172484513,-2.670629702,0.007570912,0.199194542,downregulated
Cyp4f15,605.7527088,-0.631293492,0.164184671,-3.845020907,0.000120542,0.014644986,downregulated
Daam2,7036.086783,-0.321589984,0.082297026,-3.907674413,9.31887676253322e-05,0.012725273,downregulated
Dapp1,397.6419085,-0.815501973,0.238597026,-3.417905015,0.000631051,0.045933304,downregulated
Ddt,1180.356425,-0.327739408,0.126341423,-2.594077233,0.009484518,0.218666997,downregulated
Dio2,3024.363257,-0.439928782,0.104452549,-4.211757277,2.53391736549972e-05,0.004925637,downregulated
Dlgap5,34.17341575,-2.504176724,0.894014521,-2.801047035,0.005093709,0.155569983,downregulated
Dnajb5,4623.846767,-0.301054409,0.094881671,-3.1729459,0.001509006,0.077916603,downregulated
Dnase1l3,9.244207627,-3.201806057,1.107448931,-2.891154588,0.003838293,0.133240757,downregulated
Dynlt1a,198.7330859,-0.968645388,0.234374969,-4.132887543,3.58234027335189e-05,0.006364625,downregulated
Dzip1,4517.565593,-0.299253924,0.096138072,-3.112751445,0.00185352,0.08725276,downregulated
Eci1,1228.542224,-0.408982464,0.136873097,-2.988041278,0.002807716,0.112329047,downregulated
Ecm1,429.4051812,-0.628982358,0.242278222,-2.596115962,0.009428424,0.218666997,downregulated
Efhd1,1724.341877,-0.354870292,0.125784757,-2.821250372,0.004783685,0.152001596,downregulated
Egr1,8646.204576,-0.285974089,0.081913259,-3.491181905,0.000480889,0.038200598,downregulated
Egr3,5348.010065,-0.332754199,0.093180589,-3.571067774,0.000355529,0.032100566,downregulated
Emilin2,371.0856862,-0.559746799,0.179329484,-3.121331672,0.001800351,0.086901451,downregulated
Emp1,335.8814685,-0.663000971,0.22644398,-2.92788076,0.003412809,0.122717942,downregulated
Emx2,472.8191128,-0.539865359,0.177288377,-3.045125506,0.002325832,0.10060138,downregulated
Enho,3781.925104,-0.287044491,0.089339626,-3.21295827,0.001313754,0.073583571,downregulated
Entrep1,1102.664026,-0.417470457,0.120513832,-3.464087471,0.000532033,0.041078454,downregulated
Ercc1,663.6002412,-0.352304076,0.136370167,-2.583439509,0.009782062,0.220506957,downregulated
Etnppl,1732.613283,-0.994287441,0.333703311,-2.979555219,0.002886672,0.113821189,downregulated
F7,10.60256332,-3.487401323,1.317094807,-2.647798248,0.008101786,0.203419689,downregulated
Fa2h,2612.151428,-0.385043172,0.095994175,-4.01110975,6.04340068964326e-05,0.009420293,downregulated
Fads2b,87.43830619,-1.038366969,0.389362124,-2.666841235,0.007656783,0.199862608,downregulated
Fam107a,17230.30181,-0.402903155,0.083453381,-4.827882947,1.37992158686975e-06,0.000465315,downregulated
Fam163a,515.2348298,-0.623446213,0.147435842,-4.228593284,2.35157012303651e-05,0.004625594,downregulated
Fam20a,606.5416438,-0.470077741,0.159895828,-2.939899969,0.003283182,0.120819643,downregulated
Fev,57.50691443,-2.201737116,0.761491938,-2.891346587,0.003835948,0.133240757,downregulated
Fgfr3,7030.327979,-0.355340915,0.082449759,-4.309787197,1.63411715288655e-05,0.0035527,downregulated
Fos,1330.793584,-0.599397759,0.192298279,-3.11702093,0.001826886,0.086901451,downregulated
Fosb,689.6703393,-0.52486107,0.167047639,-3.141984355,0.00167807,0.083317987,downregulated
Fosl2,2030.425992,-0.447854089,0.091767214,-4.880327817,1.05909645717772e-06,0.000368553,downregulated
Foxm1,163.4967423,-1.689350785,0.389343116,-4.338976899,1.43147567178263e-05,0.003226487,downregulated
Fras1,1620.531687,-0.385754466,0.132029431,-2.921730886,0.003480922,0.124223042,downregulated
Frmpd1,989.8525649,-0.38134031,0.145619346,-2.618747582,0.008825322,0.214023291,downregulated
Ftl1,19288.23143,-0.513887347,0.193147148,-2.66060024,0.007800151,0.200433866,downregulated
Gab1,2628.495916,-0.264457845,0.081627158,-3.239826674,0.001196024,0.070327049,downregulated
Galnt6,1543.971506,-0.377579415,0.124964266,-3.02149908,0.002515264,0.104684403,downregulated
Gja1,15085.2768,-0.272406894,0.069164078,-3.938560344,8.19719793213227e-05,0.011576265,downregulated
Gm14403,359.379692,-0.619055007,0.236640662,-2.616012823,0.008896322,0.214023291,downregulated
Gm3558,49.20641061,-1.497392223,0.555370047,-2.696206304,0.007013421,0.189042027,downregulated
Gm7694,223.6037003,-0.90178677,0.234752534,-3.841435719,0.000122317,0.014645217,downregulated
Gm826,6.220370241,-4.890050625,1.531183106,-3.193641966,0.001404902,0.07536754,downregulated
Gng7,10299.27401,-0.446039428,0.169068423,-2.638218417,0.008334288,0.206548343,downregulated
Gpc5,2017.834844,-0.393538312,0.119388565,-3.296281439,0.000979738,0.061923631,downregulated
Gpr151,159.7666182,-1.623214624,0.49952864,-3.249492607,0.001156111,0.069716859,downregulated
Gpr179,134.5177505,-1.002398295,0.31866783,-3.145589862,0.001657523,0.083234265,downregulated
Gpr3,329.2912067,-0.542454086,0.205241905,-2.642998696,0.008217535,0.204177946,downregulated
Gpt,819.3670926,-0.349618677,0.133548076,-2.617923715,0.008846658,0.214023291,downregulated
Gramd2b,742.8870329,-0.921822048,0.207645257,-4.439408165,9.02065956851692e-06,0.002129262,downregulated
Grip2,1552.591061,-0.436846371,0.126679014,-3.448450989,0.000563812,0.04293024,downregulated
Grm3,2665.106683,-0.434390705,0.071401923,-6.083739604,1.17411238225246e-09,9.69992944597869e-07,downregulated
Gtf2h4,609.8181796,-0.344417603,0.123314637,-2.792998552,0.005222193,0.15745673,downregulated
H2-DMb1,224.7835377,-0.813925645,0.27337082,-2.977368415,0.002907344,0.114104626,downregulated
H2-K1,4539.532513,-0.791827035,0.223768867,-3.538593391,0.000402265,0.033904966,downregulated
H2-Q2,85.73813296,-1.818298705,0.554572783,-3.278737726,0.001042725,0.064287107,downregulated
H2-T22,1365.226666,-0.925042283,0.355602617,-2.601337104,0.009286115,0.21737709,downregulated
H2-T23,1257.660225,-0.776389075,0.19436388,-3.994513154,6.48273224526272e-05,0.009979816,downregulated
H2bc6,324.229199,-0.583244452,0.217409485,-2.682700115,0.007303044,0.194940555,downregulated
Hadh,1633.041516,-0.256390058,0.098807198,-2.594852032,0.009463165,0.218666997,downregulated
Hapln2,2649.355749,-0.382285949,0.134165619,-2.849358508,0.004380749,0.143902802,downregulated
Hbegf,662.3770328,-0.393993254,0.131777848,-2.989829177,0.002791335,0.112005983,downregulated
Hepacam,6143.123444,-0.281450493,0.070499434,-3.992237612,6.54527386669275e-05,0.009979816,downregulated
Heph,515.2132653,-0.515791676,0.159446537,-3.234887929,0.001216905,0.071049184,downregulated
Hes5,713.8746222,-0.540576452,0.19524911,-2.768650019,0.005628906,0.165388601,downregulated
Hif1an,2413.723483,-0.29181885,0.085226911,-3.424022394,0.000617015,0.045310866,downregulated
Hipk2,6401.121454,-0.313959387,0.091740967,-3.42223762,0.00062108,0.04540755,downregulated
Hipk4,2969.995117,-0.368486021,0.09950033,-3.703364806,0.000212759,0.022109498,downregulated
Hmga1,2498.462023,-1.188882097,0.161551504,-7.359152124,1.8508201591659e-13,6.11622029797965e-10,downregulated
Hmmr,72.08268693,-2.450071264,0.524551504,-4.670792566,3.00039811837809e-06,0.000879448,downregulated
Hmox1,1217.467154,-1.681572643,0.522964237,-3.215463934,0.001302339,0.073406572,downregulated
Homer2,3849.577625,-0.300525549,0.093200866,-3.224493086,0.001261959,0.072149997,downregulated
Hsd17b8,54.44003319,-1.466145111,0.441316053,-3.322211146,0.000893071,0.058324939,downregulated
Hspa5,13971.9348,-0.432203935,0.088599322,-4.878185566,1.07066174389533e-06,0.000368553,downregulated
Hspa8,68763.88863,-0.281297219,0.101558844,-2.76979539,0.005609152,0.165205015,downregulated
Htra1,7528.098865,-0.491275237,0.069401884,-7.078701701,1.45511221291715e-12,3.43468844200429e-09,downregulated
Ifi27,2957.670988,-0.303392937,0.112156749,-2.705079639,0.006828802,0.185885154,downregulated
Ifi30,379.3232943,-0.70263972,0.267882785,-2.622937189,0.008717534,0.213076654,downregulated
Igsf9b,4340.829292,-0.367332045,0.120407173,-3.050748861,0.002282714,0.099517907,downregulated
Inf2,6781.410459,-0.374254879,0.098507613,-3.799248261,0.000145136,0.016769765,downregulated
Irf3,816.5201912,-0.405238452,0.129906657,-3.119458711,0.001811837,0.086901451,downregulated
Irgm2,469.3294227,-0.567303893,0.219959768,-2.579125714,0.009905073,0.222366203,downregulated
Irx1,306.0235702,-0.918958764,0.243453906,-3.774672495,0.000160218,0.018114321,downregulated
Isx,4.924476148,-5.752093157,2.16545274,-2.656300482,0.007900318,0.201539263,downregulated
Jmjd6,1222.469366,-0.433531459,0.112575507,-3.851028276,0.000117623,0.014537303,downregulated
Josd2,2306.110879,-0.513372937,0.131555262,-3.902336771,9.52684818543969e-05,0.012902632,downregulated
Jpt2,545.7079086,-0.499268909,0.147469593,-3.385571899,0.000710301,0.050155142,downregulated
Kank1,1486.660696,-0.375248249,0.099993083,-3.752742067,0.000174911,0.019139411,downregulated
Kcnj11,1815.582345,-0.535157734,0.165169634,-3.240049168,0.001195091,0.070327049,downregulated
Kcnj16,1972.647118,-0.81981187,0.137706953,-5.953307737,2.62776517861783e-09,1.97357109301375e-06,downregulated
Kctd21,909.699678,-0.363766348,0.126897908,-2.866606348,0.004148987,0.140191652,downregulated
Kif11,118.4390021,-1.281313058,0.393048494,-3.259936311,0.001114372,0.067694023,downregulated
Kif13b,4206.458704,-0.277808275,0.090581311,-3.066949138,0.002162557,0.095539896,downregulated
Kif18b,29.99181672,-1.804951383,0.614723782,-2.936199047,0.00332261,0.121190934,downregulated
Kif2c,37.61701457,-2.130858298,0.590005114,-3.611592931,0.000304322,0.02809113,downregulated
Kif5a,183122.5241,-0.276390764,0.075651482,-3.653474531,0.000258715,0.025145621,downregulated
Klf2,964.5504237,-0.522326812,0.17605008,-2.966921759,0.003007975,0.116668474,downregulated
Klhdc7a,1612.137613,-0.567312207,0.126734216,-4.476393398,7.59145457792218e-06,0.001844612,downregulated
Klhl1,501.3547277,-0.828334174,0.282607525,-2.931040762,0.003378285,0.122143096,downregulated
Klhl4,1295.496191,-0.366178039,0.130322512,-2.80978345,0.004957484,0.154260856,downregulated
Knstrn,156.9425628,-1.378057645,0.355340187,-3.878136207,0.00010526,0.013587558,downregulated
Lbp,1092.849903,-0.933780478,0.186991752,-4.993698737,5.9233771905185e-07,0.000217493,downregulated
Lcn2,224.7161505,-2.028148874,0.687959936,-2.94806248,0.003197724,0.120341178,downregulated
Lhx4,17.75937828,-3.886168274,1.294031505,-3.003148114,0.002672024,0.109011963,downregulated
Litaf,1844.839367,-0.323661691,0.119154032,-2.716330151,0.006601006,0.181467979,downregulated
Lrrc10b,2400.807839,-0.799518264,0.149058766,-5.36377891,8.14986500453303e-08,3.96059469029115e-05,downregulated
Macroh2a1,3865.889049,-0.258042959,0.066762301,-3.865099838,0.000111044,0.014121249,downregulated
Mal,12503.48854,-0.396222819,0.090881438,-4.359777152,1.30194962673394e-05,0.002987794,downregulated
Manf,2371.766218,-0.343802771,0.106949577,-3.214624864,0.001306151,0.073406572,downregulated
Mcc,1762.944192,-0.371386574,0.137398536,-2.702987846,0.006871926,0.186444716,downregulated
Melk,47.89715372,-1.50872866,0.438723519,-3.438905357,0.000584071,0.044235077,downregulated
Mettl23,687.9440373,-0.482565248,0.171295211,-2.817155515,0.004845106,0.152016721,downregulated
Mfge8,6442.831206,-0.285841964,0.090082781,-3.173103235,0.001508189,0.077916603,downregulated
Mfn1,4369.494522,-0.285340639,0.075363934,-3.786169617,0.000152987,0.017554227,downregulated
Mki67,320.8574764,-1.623230499,0.518163255,-3.13266231,0.001732286,0.085440492,downregulated
Mmp14,1182.22952,-0.429333253,0.148042756,-2.900062562,0.003730882,0.130809154,downregulated
Morc2b,96.3016787,-1.084147819,0.38513758,-2.814962433,0.004878294,0.152659177,downregulated
Msr1,140.4163172,-1.308887764,0.42630669,-3.070296088,0.002138467,0.094983556,downregulated
Muc3a,135.228832,-1.211729503,0.430160155,-2.816926413,0.004848563,0.152016721,downregulated
Mxd1,1351.346074,-0.321048417,0.100795604,-3.185143034,0.001446825,0.077115761,downregulated
Myd88,378.9919228,-0.566142038,0.164957015,-3.432057971,0.000599019,0.044989087,downregulated
Myh14,3359.440914,-0.269377703,0.094064123,-2.863766687,0.004186362,0.140878342,downregulated
Myorg,1989.9998,-0.614400239,0.109250585,-5.623770711,1.86833603297958e-08,1.14335245455265e-05,downregulated
Ncapg,40.52498104,-1.572630026,0.594589629,-2.644899857,0.00817151,0.203954463,downregulated
Nde1,1686.750776,-0.347511028,0.092573185,-3.753905951,0.0001741,0.019139411,downregulated
Ndrg2,52888.6476,-0.280589355,0.084071943,-3.337491017,0.000845385,0.056781662,downregulated
Ndufaf8,776.9614497,-0.408739628,0.132513132,-3.084521689,0.002038797,0.092293288,downregulated
Neurog1,8.498596588,-4.037804075,1.342427979,-3.00783665,0.002631145,0.108145305,downregulated
Nfe2,8.571772505,-5.961135768,1.374513127,-4.336907122,1.44501647907252e-05,0.003226487,downregulated
Nhsl1,2901.080456,-0.356215703,0.09566669,-3.72350818,0.000196473,0.02106115,downregulated
Nicol1,1778.146935,-0.261586378,0.087093683,-3.003505755,0.002668885,0.109011963,downregulated
Nkd1,912.312271,-0.429436666,0.136051664,-3.156423475,0.001597168,0.081362282,downregulated
Nkx6-2,1662.021406,-0.322388822,0.113805783,-2.832798232,0.00461425,0.148003425,downregulated
Nptx2,1916.773422,-0.387253691,0.136777473,-2.831268071,0.004636384,0.148175978,downregulated
Nrarp,503.1132001,-0.623687745,0.193675226,-3.220276332,0.001280671,0.072716579,downregulated
Nudt19,2188.884257,-0.829616607,0.27732471,-2.991499046,0.002776114,0.111877397,downregulated
Nusap1,185.5744493,-0.898170422,0.336668665,-2.667817103,0.007634581,0.199598379,downregulated
Nwd1,5417.238756,-0.373731249,0.068110345,-5.487143643,4.08484959053775e-08,2.24979899281518e-05,downregulated
Olig1,10896.82586,-0.29012406,0.079685537,-3.640862191,0.000271727,0.025842557,downregulated
Oma1,296.3970768,-0.654916669,0.249561789,-2.624266604,0.008683578,0.212721659,downregulated
Or10g1,5.52984674,-5.31575147,1.992430436,-2.667973433,0.007631029,0.199598379,downregulated
Or10g3,9.229551724,-6.066110704,1.643781778,-3.69033821,0.000223956,0.022702003,downregulated
Otop1,5.470240183,-5.302513916,2.000504377,-2.650588509,0.008035167,0.202950785,downregulated
Otub2,1459.896329,-0.390083272,0.111271144,-3.505700202,0.000455408,0.036819894,downregulated
Otx2,686.2900292,-0.65852244,0.240941766,-2.733118677,0.006273772,0.175400235,downregulated
P4ha1,2697.271503,-0.3263902,0.09713238,-3.360261548,0.000778687,0.053833674,downregulated
Parpbp,119.3020779,-0.878650923,0.297966854,-2.948821018,0.003189887,0.120341178,downregulated
Pax5,146.6792237,-2.450163065,0.758288495,-3.231175314,0.001232823,0.071194612,downregulated
Pcdhb14,842.7148927,-0.355359215,0.114762949,-3.096462905,0.001958444,0.090137505,downregulated
Pcdhb6,387.3469043,-0.978554373,0.158880047,-6.159076575,7.31703421174515e-10,6.36312401477185e-07,downregulated
Pcdhb7,550.8358214,-0.467798355,0.164906913,-2.836741935,0.004557643,0.147081917,downregulated
Pcp4l1,7863.185541,-0.312434716,0.080222665,-3.89459408,9.83633100299204e-05,0.013014075,downregulated
Pdia6,5395.804551,-0.267853084,0.08629231,-3.10402031,0.001909102,0.088358814,downregulated
Pdzph1,172.313902,-0.859256592,0.270147582,-3.180693253,0.001469231,0.077312437,downregulated
Pgpep1,917.4452559,-0.307216277,0.112166922,-2.738920449,0.006164129,0.17440051,downregulated
Pheta1,640.7096737,-0.360529019,0.137760856,-2.617064315,0.008868963,0.214023291,downregulated
Phgdh,4786.163594,-0.257319401,0.072223327,-3.562829486,0.000366879,0.032767252,downregulated
Piezo1,705.6020669,-0.483528589,0.175026606,-2.762600506,0.00573429,0.167398729,downregulated
Pitpnc1,4860.521847,-0.359333215,0.079710879,-4.507956974,6.54548451053426e-06,0.001695976,downregulated
Pkmyt1,324.2411225,-0.92104489,0.20297746,-4.53767079,5.68789613085432e-06,0.001540674,downregulated
Plekhg1,2936.415999,-0.538983185,0.15322785,-3.517527555,0.000435587,0.035629733,downregulated
Plekhh1,2669.833614,-0.31958534,0.110139582,-2.901639307,0.003712157,0.130809154,downregulated
Plekhm1,1934.10609,-0.289090504,0.07517516,-3.845558867,0.000120278,0.014644986,downregulated
Plekhm2,7695.303566,-0.255168729,0.074222851,-3.437872894,0.000586303,0.044235077,downregulated
Plin2,828.9281393,-0.840632441,0.212001476,-3.965219756,7.3328358901481e-05,0.010535691,downregulated
Plk1,117.1056692,-1.583692512,0.379194192,-4.176468267,2.96070022934125e-05,0.005435517,downregulated
Plod1,1588.895838,-0.275818774,0.090175009,-3.05870525,0.002222957,0.097946469,downregulated
Polr1d,1929.722763,-0.348911051,0.110950826,-3.144735934,0.001662368,0.083234265,downregulated
Pop4,756.3362234,-0.799099841,0.24886677,-3.210954356,0.001322949,0.073607617,downregulated
Pou3f3,7413.058816,-0.263245724,0.073362786,-3.58827329,0.000332875,0.030220319,downregulated
Ppp1r14a,1408.756722,-0.338306214,0.126181393,-2.681110152,0.007337836,0.195208396,downregulated
Ppp1r16b,12886.64548,-0.262819192,0.075493426,-3.481352014,0.000498889,0.039067057,downregulated
Ppp1r3d,509.0865519,-0.532992739,0.165190658,-3.226530762,0.001253008,0.071886961,downregulated
Prss56,16.78180485,-3.70193166,1.161591354,-3.18694836,0.001437824,0.076884056,downregulated
Pvr,371.2827348,-0.815715577,0.205056147,-3.978010848,6.94942018609419e-05,0.010252256,downregulated
Pygm,2552.15213,-0.506634675,0.130067494,-3.895167497,9.81308939463488e-05,0.013014075,downregulated
Rasd2,6470.038474,-0.381958918,0.126957746,-3.008551516,0.002624963,0.108145305,downregulated
Rbm12b1,366.3973356,-0.43192707,0.159484517,-2.708269606,0.006763505,0.184411551,downregulated
Rgl2,1634.953632,-0.410944223,0.14437118,-2.846442227,0.004421075,0.144366449,downregulated
Rhobtb3,2471.02277,-0.27634089,0.09317171,-2.965931292,0.003017679,0.116770749,downregulated
Rnps1,3740.72655,-0.93073681,0.216450032,-4.300007732,1.70792150469499e-05,0.003664933,downregulated
Rpe65,70.94832384,-1.808757147,0.582535715,-3.104972109,0.00190297,0.088322382,downregulated
Rpl21,16688.80278,-0.408721378,0.089953413,-4.543700604,5.52751520448346e-06,0.001522186,downregulated
Rpl34,7740.733451,-0.850484601,0.309423717,-2.748608319,0.005984886,0.170540258,downregulated
Rps18,10302.19343,-0.452309762,0.102180697,-4.426567581,9.57443950894391e-06,0.002228147,downregulated
Rps2,19190.56843,-0.25586439,0.098150393,-2.606860588,0.009137656,0.21630585,downregulated
Rps27l,928.5033554,-0.457534506,0.1190991,-3.841628562,0.000122221,0.014645217,downregulated
Rpsa,27227.25837,-0.254660935,0.072019622,-3.535993798,0.000406244,0.033904966,downregulated
Rrm2,139.625372,-1.611195166,0.451636791,-3.567457742,0.000360461,0.03236905,downregulated
Ryr3,2964.499359,-0.260743628,0.099222023,-2.627880581,0.008591867,0.212520093,downregulated
S1pr1,6840.848436,-0.409693739,0.084939292,-4.823371228,1.41151908672625e-06,0.000466451,downregulated
S1pr5,1576.501506,-0.374528968,0.116875754,-3.204505244,0.001352948,0.074022398,downregulated
Sash1,7661.840052,-0.393990291,0.070449948,-5.592485206,2.23842232374825e-08,1.27536041569974e-05,downregulated
Sat1,2943.983835,-0.295801553,0.107971646,-2.739622522,0.006150978,0.17440051,downregulated
Scn4b,9581.542599,-0.356805228,0.110093831,-3.24091936,0.001191449,0.070327049,downregulated
Scrt2,1405.350304,-0.405479336,0.111381079,-3.640468729,0.000272142,0.025842557,downregulated
Scube3,554.6569984,-0.742115244,0.233527627,-3.177847741,0.001483726,0.077581051,downregulated
Selenop,20235.91074,-0.282099251,0.06286257,-4.487555184,7.2045154072417e-06,0.001782018,downregulated
Sem1,1637.237785,-0.2590982,0.095812251,-2.704228279,0.006846324,0.186055604,downregulated
Sema3f,813.8752679,-0.342697381,0.120163969,-2.851914618,0.004345677,0.143157491,downregulated
Serpinh1,1378.970557,-0.344800964,0.125959748,-2.737390071,0.006192881,0.174914494,downregulated
Sh2d5,3472.457441,-0.285157537,0.084438671,-3.377096479,0.000732554,0.051489179,downregulated
Shc3,3468.06139,-0.298845362,0.099557122,-3.001747692,0.002684346,0.109244932,downregulated
Slc13a5,484.6360811,-0.516111227,0.165697291,-3.114783743,0.001840798,0.086901451,downregulated
Slc18a2,1152.782455,-1.143224938,0.431316515,-2.650547562,0.008036141,0.202950785,downregulated
Slc1a2,144768.0283,-0.255678897,0.053356574,-4.791891158,1.65216530604974e-06,0.000531851,downregulated
Slc25a19,1642.242336,-0.326687761,0.101051568,-3.232881651,0.001225483,0.071194612,downregulated
Slc27a1,4864.46373,-0.342271679,0.081394864,-4.205077086,2.60993187215207e-05,0.005014407,downregulated
Slc43a2,3834.603128,-0.342054477,0.087484457,-3.909888533,9.23387212859487e-05,0.012714272,downregulated
Slc5a3,3352.930005,-0.355592506,0.100407147,-3.541505933,0.00039785,0.033904966,downregulated
Slc6a11,19370.23176,-0.495252302,0.192016788,-2.579213554,0.009902555,0.222366203,downregulated
Slc7a10,1834.497348,-0.538608581,0.105939851,-5.084097959,3.69377275879465e-07,0.000145485,downregulated
Slco1c1,2536.03156,-0.369795224,0.132793533,-2.7847382,0.005357096,0.159487013,downregulated
Slfn4,31.99587274,-4.141769098,1.049043441,-3.948138786,7.87611425017141e-05,0.01121871,downregulated
Slpi,81.76332722,-1.944247423,0.659806473,-2.946693466,0.003211914,0.120341178,downregulated
Smim22,11.32724113,-3.543188878,1.169565249,-3.029492268,0.002449652,0.102729938,downregulated
Smyd1,162.7595368,-0.717455403,0.245884131,-2.917859723,0.003524429,0.1255046,downregulated
Snx33,944.2844876,-0.447797089,0.126495619,-3.540020533,0.000400096,0.033904966,downregulated
Sod3,989.582575,-0.388501782,0.150691905,-2.578119788,0.009933955,0.222686113,downregulated
Sox10,3691.68616,-0.276183537,0.081568697,-3.385901048,0.00070945,0.050155142,downregulated
Sparc,34938.2933,-0.288674934,0.101923889,-2.832259792,0.004622028,0.148003425,downregulated
Spc24,75.17067625,-1.177505229,0.450111289,-2.616031317,0.00889584,0.214023291,downregulated
Spc25,67.16902624,-1.58703702,0.47988679,-3.307107122,0.000942648,0.060919329,downregulated
Spp1,3499.656807,-1.54749464,0.423959584,-3.650099444,0.000262139,0.02518209,downregulated
Spry2,1955.795122,-0.259117018,0.096342066,-2.689552227,0.007154795,0.191602396,downregulated
Spry4,796.1637034,-0.418987961,0.138355041,-3.028353407,0.002458903,0.102856864,downregulated
Spsb3,525.8785383,-0.528019024,0.1914268,-2.758333858,0.005809683,0.16811452,downregulated
Ston2,2633.658232,-0.312808733,0.080934351,-3.864968687,0.000111103,0.014121249,downregulated
Syndig1l,2000.340474,-0.579144287,0.159659947,-3.627361128,0.000286333,0.026866815,downregulated
Tcte1,122.253362,-1.091766807,0.40960212,-2.665432507,0.007688936,0.200385325,downregulated
Tdp1,595.9347385,-0.401813233,0.154083432,-2.607764038,0.009113575,0.216045345,downregulated
Tgfbi,598.454065,-0.599219976,0.181987998,-3.292634588,0.000992534,0.061923631,downregulated
Tk1,109.6289316,-1.20742659,0.405770906,-2.975636181,0.002923815,0.114298226,downregulated
Tmem119,1999.457702,-0.33376876,0.106916039,-3.12178381,0.001797589,0.086901451,downregulated
Tmem181a,2425.403935,-0.475150273,0.082645912,-5.74922895,8.965135018906e-09,6.42172732814907e-06,downregulated
Tmem229a,6700.979359,-0.351006468,0.068952727,-5.090537874,3.57049244399221e-07,0.000145485,downregulated
Tmem267,639.9904659,-0.458706825,0.155127375,-2.956968901,0.003106795,0.119103401,downregulated
Tmem91,752.4189829,-0.407698182,0.121674779,-3.350720536,0.000806016,0.054784312,downregulated
Tnfrsf19,3702.640861,-0.280597861,0.077384214,-3.626034902,0.000287806,0.026866815,downregulated
Tnfrsf25,138.1421339,-1.417947156,0.441866559,-3.208994046,0.001332003,0.073607617,downregulated
Top2a,301.8817964,-2.641618421,0.653022079,-4.045220685,5.22738577178149e-05,0.00838564,downregulated
Tph2,610.1617769,-3.334849024,1.019885067,-3.269828271,0.001076128,0.065855044,downregulated
Tpx2,230.607343,-1.174345738,0.37088692,-3.166317483,0.001543822,0.079219162,downregulated
Trank1,13783.4154,-0.33986069,0.111312298,-3.053217787,0.002264016,0.098963836,downregulated
Trib2,2555.606473,-0.37301196,0.08920416,-4.181553431,2.8952419343725e-05,0.005375065,downregulated
Tril,3693.234115,-0.433313692,0.081399637,-5.323287777,1.01908330719482e-07,4.81094670993716e-05,downregulated
Trim30d,273.9343908,-1.020481063,0.29353863,-3.476479614,0.000508043,0.039573712,downregulated
Trp53inp2,14538.3,-0.26782834,0.071659971,-3.737488845,0.000185867,0.020204513,downregulated
Tubb6,427.2212399,-0.787933141,0.235247569,-3.34937846,0.000809931,0.054784312,downregulated
Tube1,138.9198843,-0.999070226,0.305087126,-3.274704638,0.001057725,0.06496948,downregulated
Txnl4a,1651.615888,-0.312349245,0.103889293,-3.006558582,0.002642231,0.108331486,downregulated
Ube2c,110.6181555,-1.386758519,0.51715541,-2.681512156,0.007329025,0.195208396,downregulated
Ucp3,152.5789912,-0.826940094,0.26839611,-3.081043514,0.002062765,0.093123132,downregulated
Ugt8a,4249.477973,-0.282916589,0.06269929,-4.512277379,6.41352371070632e-06,0.001695976,downregulated
Uhrf1,114.2218667,-1.747126653,0.471301891,-3.70702237,0.00020971,0.021930667,downregulated
Unkl,1356.535512,-0.321215755,0.105788113,-3.036406895,0.00239416,0.101432594,downregulated
Usp54,4802.035604,-0.264406605,0.071047507,-3.72154654,0.000198006,0.02106115,downregulated
Utp14b,1204.243066,-0.616310326,0.14678481,-4.198733687,2.68411763979566e-05,0.005097664,downregulated
Vav2,1057.583638,-0.416372472,0.108052806,-3.853416557,0.000116481,0.014537303,downregulated
Vav3,967.8996005,-0.43844074,0.131608658,-3.331397388,0.000864112,0.057804512,downregulated
Vegfa,3326.883596,-0.43175211,0.129837172,-3.325335122,0.000883123,0.058134836,downregulated
Vgf,11881.29366,-0.473631872,0.178315566,-2.656144286,0.007903979,0.201539263,downregulated
Vsx2,31.22974414,-3.102908435,0.904454083,-3.430697581,0.000602031,0.045010698,downregulated
Zcwpw2,47.17298021,-2.19071912,0.688687246,-3.181007247,0.00146764,0.077312437,downregulated
Zfp219,2983.799616,-0.281589115,0.090343755,-3.116863087,0.001827864,0.086901451,downregulated
Zfp268,21.51544635,-2.437607355,0.751869493,-3.242061792,0.001186683,0.070327049,downregulated
Zfp366,431.862182,-0.537360821,0.16814995,-3.195723944,0.001394805,0.075069583,downregulated
Zfp949,1150.33595,-0.362291099,0.131026956,-2.765011958,0.005692071,0.166755475,downregulated
Zfp97,142.7612145,-0.937620041,0.29994539,-3.125969168,0.001772201,0.086901451,downregulated
Znhit1,1833.781824,-0.263742707,0.101929091,-2.587511622,0.009667193,0.219109791,downregulated