Gene,mouseID,baseMean,log2FoldChange,lfcSE,stat,pvalue,padj,expression
1700012B09Rik,69325,77.93994255,-2.137403985,0.488488877,-4.375542791,1.21130675722232e-05,0.034122277,downregulated
Acad8,66948,1334.106826,-0.286697844,0.105357199,-2.721198412,0.006504571,0.806981956,downregulated
Ahcy,269378,1279.070963,-0.38738082,0.135251288,-2.864156235,0.004181217,0.724178547,downregulated
Ak7,78801,328.1906025,-1.542292748,0.455925384,-3.382774472,0.000717575,0.36919251,downregulated
Ak9,633979,94.0594477,-1.140434993,0.412387413,-2.76544569,0.005684507,0.792882445,downregulated
Apoa1,11806,19.22579984,-2.550088093,0.910260639,-2.801492216,0.005086687,0.738417785,downregulated
BC051019,57355,27.01434602,-2.917402812,0.765581082,-3.810703895,0.000138572,0.191196694,downregulated
Borcs7,66439,1478.113928,-0.284839004,0.093682889,-3.040459214,0.002362177,0.587911905,downregulated
Cacng5,140723,1282.705174,-0.343685106,0.116599806,-2.947561569,0.00320291,0.667005934,downregulated
Car9,230099,47.96348858,-1.566128891,0.362532301,-4.319970625,1.56049971493712e-05,0.034122277,downregulated
Catip,241112,169.1744609,-0.897762114,0.345081932,-2.60159119,0.009279239,0.87438029,downregulated
Catspere2,545391,197.0837722,-0.907069311,0.249703277,-3.632588737,0.000280592,0.233733166,downregulated
Ccdc113,244608,197.6009727,-0.771549891,0.284223595,-2.714587757,0.006635832,0.811752466,downregulated
Ccdc146,75172,128.6928334,-1.407459323,0.403221628,-3.490535291,0.000482054,0.308529549,downregulated
Ccdc162,75973,192.4221573,-1.010108352,0.315329341,-3.203343996,0.001358416,0.46593674,downregulated
Ccdc170,100504234,115.5563086,-1.477169176,0.470782012,-3.137692473,0.001702834,0.504875949,downregulated
Cd24a,12484,1111.289826,-0.610699694,0.206758311,-2.953688738,0.003140005,0.667005934,downregulated
Cdhr3,68764,198.7682708,-1.264331932,0.406384739,-3.111169813,0.001863477,0.516833347,downregulated
Cdhr4,69398,138.4591858,-1.5687473,0.320765586,-4.890634689,1.00511353475458e-06,0.004576609,downregulated
Cfap141,73545,164.1344013,-0.780975414,0.270656945,-2.885480785,0.003908163,0.687758807,downregulated
Cfap251,269701,421.5706692,-0.450994258,0.155418454,-2.901806366,0.003710178,0.687758807,downregulated
Cfap44,212517,514.9703179,-0.765816481,0.204790348,-3.73951452,0.000184376,0.19549265,downregulated
Cfap54,380654,701.3824923,-0.628854806,0.231417839,-2.717399872,0.006579706,0.810554916,downregulated
Cfap65,241116,542.4110714,-0.726678855,0.265763337,-2.734308143,0.006251151,0.80142092,downregulated
Cfap95,67483,53.24193285,-1.286124577,0.446014075,-2.883596394,0.003931623,0.687758807,downregulated
Cfap99,100862066,74.40023059,-1.099018674,0.399696613,-2.749632192,0.005966219,0.796695213,downregulated
Chd7,320790,1628.624648,-0.45770039,0.170979073,-2.676938063,0.007429837,0.834522625,downregulated
Ciart,229599,605.9351733,-0.497428838,0.171920683,-2.893362398,0.003811413,0.687758807,downregulated
Cimip5,73667,271.7530052,-0.954167562,0.272831333,-3.497279987,0.000470028,0.308529549,downregulated
Cltrn,57394,18.72251336,-3.02590902,0.878230912,-3.445459478,0.000570089,0.319080154,downregulated
Cnmd,16840,117.3893672,-1.480773268,0.303270179,-4.882686698,1.04650076287024e-06,0.004576609,downregulated
Cryzl2,226527,897.3988325,-0.356489649,0.126077278,-2.827548749,0.004690587,0.72935632,downregulated
Dao,13142,89.92519705,-1.879757722,0.65124802,-2.886392995,0.003896852,0.687758807,downregulated
Dbp,13170,4700.680758,-0.288424856,0.08386686,-3.43908018,0.000583694,0.319080154,downregulated
Dnah11,13411,254.1206307,-1.472180369,0.294238463,-5.003358002,5.6340170401423e-07,0.004576609,downregulated
Dnah12,110083,230.3322286,-1.228573161,0.379615159,-3.236364864,0.001210625,0.441197269,downregulated
Dnah2,327954,350.9601475,-0.723614732,0.261806781,-2.763926625,0.005711038,0.792882445,downregulated
Dnah3,381917,151.8000317,-1.459656746,0.361922902,-4.033059907,5.50552371571356e-05,0.106076294,downregulated
Dnah5,110082,529.8965636,-0.528795848,0.167275758,-3.161222255,0.001571086,0.488829032,downregulated
Dnah9,237806,660.9533341,-0.660777257,0.212998066,-3.102268806,0.001920435,0.516833347,downregulated
Dnali1,75563,205.327245,-1.140513863,0.301562016,-3.782020955,0.00015556,0.194372549,downregulated
Dthd1,100322896,23.8725573,-2.572004367,0.969533474,-2.652826783,0.007982082,0.853593692,downregulated
Dynlrb2,75465,136.2280211,-1.127161272,0.431114723,-2.61452744,0.008935098,0.871128646,downregulated
Fat1,14107,3984.267991,-0.317123753,0.116075097,-2.732056761,0.00629403,0.80142092,downregulated
Fgf7,14178,88.1897731,-1.170862905,0.424057961,-2.761091673,0.00576085,0.793500434,downregulated
Fhad1,329977,420.617801,-0.79326018,0.182430018,-4.348298528,1.3719777190328e-05,0.034122277,downregulated
Flvcr1,226844,775.8296434,-0.386430472,0.137463208,-2.811155636,0.00493639,0.738053612,downregulated
Frmpd2,268729,158.7508504,-1.213023037,0.407400369,-2.977471623,0.002906365,0.667005934,downregulated
Gbp6,100702,101.4046566,-1.345296259,0.476497005,-2.823304752,0.004753137,0.72935632,downregulated
Gm867,333670,84.96531153,-1.212294475,0.457969109,-2.647109712,0.008118301,0.853593692,downregulated
Gmps,229363,4307.712356,-0.269759653,0.082382684,-3.274470323,0.001058603,0.433858608,downregulated
Gnat2,14686,14.74114005,-2.780197971,0.93003937,-2.989333637,0.002795867,0.660920184,downregulated
Gpr137c,70713,2141.527219,-0.295752907,0.094737429,-3.121816886,0.001797387,0.516833347,downregulated
H2ac13,319191,6.653297094,-5.916070029,1.794799269,-3.29622935,0.00097992,0.431206163,downregulated
Heatr3,234549,1602.742647,-0.254206123,0.085740188,-2.964842159,0.003028383,0.667005934,downregulated
Hydin,244653,329.7807579,-1.115103598,0.351194122,-3.175177282,0.00149745,0.485090557,downregulated
Iqca1,74918,125.3085802,-1.072002768,0.375856367,-2.852160724,0.004342314,0.724809085,downregulated
Kif6,319991,172.156351,-0.646302783,0.241521997,-2.675958261,0.007451592,0.834522625,downregulated
Lfng,16848,1235.067687,-0.319537332,0.11072688,-2.885815364,0.003904011,0.687758807,downregulated
Lrrc71,74485,83.2322561,-1.204538118,0.380340396,-3.167000219,0.001540202,0.488829032,downregulated
Lrrc78,102635744,76.86628812,-1.067446028,0.40897833,-2.610030773,0.009053408,0.87438029,downregulated
Lsm11,72290,1824.983519,-0.327157701,0.123884856,-2.640820777,0.008270546,0.853593692,downregulated
Mapk15,332110,125.2744044,-0.835998063,0.285134628,-2.931941548,0.003368501,0.677301093,downregulated
Mdh1b,76668,88.09370754,-1.365867157,0.446079029,-3.061939853,0.002199076,0.568030018,downregulated
Nme9,623534,52.47208962,-1.555769706,0.575428788,-2.703670268,0.00685783,0.816081807,downregulated
Nrk,27206,36.37522673,-4.163215168,1.527095687,-2.726230716,0.00640622,0.80142092,downregulated
Nt5dc2,70021,399.2472286,-0.58055868,0.178462041,-3.253121377,0.001141447,0.43462997,downregulated
Odad2,74934,67.52323693,-1.408181505,0.485717887,-2.899175723,0.003741451,0.687758807,downregulated
Parpbp,75317,92.18543067,-0.881218026,0.311809475,-2.826142552,0.004711229,0.72935632,downregulated
Pcdha9,192161,231.9697529,-0.633412118,0.226420319,-2.797505641,0.005149887,0.738417785,downregulated
Pcdhga7,93715,663.2544814,-0.415360464,0.143813692,-2.888184417,0.003874726,0.687758807,downregulated
Pigc,67292,643.1155601,-0.355734606,0.131461097,-2.70600668,0.006809768,0.816081807,downregulated
Plin5,66968,67.20687976,-1.079070734,0.402335091,-2.682019936,0.00731791,0.834522625,downregulated
Ppp1r17,19051,151.749726,-2.762604835,0.831325041,-3.323134393,0.00089012,0.420834392,downregulated
Prc1,233406,183.6252419,-1.229808934,0.399508728,-3.078303048,0.002081831,0.551779817,downregulated
Prr16,71373,411.9271007,-0.423935799,0.145303024,-2.917597906,0.003527389,0.685606825,downregulated
Prrg4,228413,98.20241154,-1.47666453,0.404479748,-3.65077495,0.00026145,0.232779615,downregulated
Psmd5,66998,3013.485341,-0.260780648,0.074849365,-3.484072976,0.000493845,0.308529549,downregulated
Rad51b,19363,58.41601413,-1.130028549,0.42974992,-2.629502641,0.008550987,0.861112607,downregulated
Rbp3,19661,25.72580811,-3.412443279,1.001087474,-3.408736367,0.000652645,0.345961278,downregulated
Rgs22,626596,162.7986161,-1.033616339,0.314403931,-3.287542674,0.001010659,0.431206163,downregulated
Rsph4a,212892,434.0175311,-0.723218997,0.227075924,-3.184921527,0.001447933,0.477899735,downregulated
Saxo4,67752,107.9943316,-0.901333039,0.332803901,-2.708300704,0.006762872,0.816081807,downregulated
Siglecg,243958,5.351479371,-5.668724246,2.151449006,-2.634840162,0.008417691,0.856108558,downregulated
Slc14a2,27411,69.69668725,-1.503260466,0.516048959,-2.913019085,0.003579527,0.687758807,downregulated
Slitrk4,245446,2157.849823,-0.296213326,0.104096994,-2.845551195,0.004433463,0.724809085,downregulated
Snorc,73234,16.54327707,-2.658088464,0.991139923,-2.681849862,0.007321631,0.834522625,downregulated
Sntn,218739,51.38690731,-1.976080485,0.5419552,-3.646206338,0.00026614,0.232779615,downregulated
Spaca9,69987,35.24068938,-1.441214663,0.505439859,-2.851406822,0.004352624,0.724809085,downregulated
Spata18,73472,121.1404851,-1.378388474,0.306955082,-4.490521762,7.10489152066485e-06,0.024857173,downregulated
Spata31f1a,433698,10.28673184,-4.757151401,1.595119809,-2.982316045,0.002860765,0.667005934,downregulated
Spata31f3,277773,78.21089207,-2.425314788,0.698316178,-3.473089792,0.000514503,0.309274449,downregulated
Spef2,320277,245.6471466,-0.905907307,0.287794564,-3.147756842,0.001645285,0.49622361,downregulated
Stmnd1,380842,25.56300978,-1.771751771,0.649985306,-2.725833575,0.006413933,0.80142092,downregulated
Stxbp5l,207227,2382.347134,-0.332487443,0.112462972,-2.956416998,0.00311236,0.667005934,downregulated
Tcea3,21401,102.9557735,-1.104200303,0.402438486,-2.74377412,0.006073731,0.80142092,downregulated
Tekt4,71840,87.47976082,-1.46540722,0.5201018,-2.817539219,0.00483932,0.732742683,downregulated
Tm4sf1,17112,1001.18749,-0.440964283,0.1509665,-2.920941295,0.003489756,0.685606825,downregulated
Tmem212,208613,132.3057976,-1.178260663,0.330231649,-3.567982251,0.000359741,0.286043045,downregulated
Trib1,211770,792.2953541,-0.380338227,0.126832636,-2.998741014,0.002710976,0.649631653,downregulated
Trim30d,209387,210.7407464,-0.827197625,0.309860051,-2.669584616,0.007594513,0.835539775,downregulated
Trim7,94089,173.4733444,-0.600368875,0.227249346,-2.641894842,0.008244365,0.853593692,downregulated
Tspyl5,239364,2361.770718,-0.257171748,0.098920911,-2.59977132,0.00932859,0.87438029,downregulated
Tssk5,73542,5.494555534,-5.939813884,2.023669977,-2.935169248,0.003333658,0.677301093,downregulated
Ttc12,235330,346.3485522,-0.543700319,0.156915869,-3.464916097,0.000530397,0.309274449,downregulated
Ttc29,73301,43.5770928,-2.045262592,0.639774599,-3.196848695,0.001389378,0.467392052,downregulated
Ubxn10,212190,258.2763963,-0.851693705,0.274309667,-3.104862165,0.001903677,0.516833347,downregulated
Ucma,68527,55.25049856,-1.190665668,0.432621516,-2.752210936,0.005919438,0.796695213,downregulated
Vwa3a,233813,470.030985,-0.735370401,0.193289432,-3.804503914,0.000142089,0.191196694,downregulated
Xkr7,228787,156.5148385,-0.712954701,0.255595748,-2.789384042,0.00528084,0.751038536,downregulated
Zfp128,243833,449.0132095,-0.498503477,0.133576259,-3.73197662,0.000189983,0.19549265,downregulated
Zfp474,66758,57.94101658,-1.739171576,0.608728304,-2.85705719,0.004275888,0.724809085,downregulated
Zfp563,240068,929.1808644,-0.306604484,0.115914808,-2.6450847,0.008167047,0.853593692,downregulated
1110002E22Rik,102634333,105.1053247,0.835632097,0.308972049,2.704555636,0.006839582,0.816081807,Upregulated
Acy1,109652,608.6772036,0.348052086,0.124309775,2.799877036,0.005112208,0.738417785,Upregulated
Adi1,104923,2622.804974,0.399378155,0.146254079,2.730714648,0.006319716,0.80142092,Upregulated
Ahcyl,NA,163.7275206,6.2407887,1.071949259,5.821906817,5.81799863991858e-09,0.000101774,Upregulated
Arfgap3,66251,1376.802282,0.257917554,0.092110578,2.800086155,0.005108897,0.738417785,Upregulated
Arhgap33,233071,8426.545994,0.322876164,0.124846489,2.586185381,0.009704472,0.884168386,Upregulated
Bcl11b,58208,5466.366812,0.28196049,0.102520932,2.750272395,0.005954574,0.796695213,Upregulated
Cchcr1,240084,303.0407089,0.653016879,0.185296517,3.524172432,0.000424808,0.298922791,Upregulated
Cdca8,52276,79.51408656,1.145881925,0.379132653,3.022377306,0.002507977,0.609333984,Upregulated
Cdh17,12557,5.153599469,4.905535318,1.871132268,2.621693507,0.008749408,0.86962152,Upregulated
Cldn5,12741,2041.598229,0.532002741,0.142538765,3.732337238,0.000189711,0.19549265,Upregulated
Coa8,68020,1249.174041,0.273165076,0.105033683,2.600737864,0.009302351,0.87438029,Upregulated
Cox6a1,12861,19741.30171,0.253985265,0.087722616,2.89532251,0.003787692,0.687758807,Upregulated
Crlf2,57914,1684.153589,0.405414964,0.120723293,3.35821659,0.000784471,0.385837381,Upregulated
Cyp2u1,71519,464.5822712,0.479409918,0.15184569,3.157217827,0.001592823,0.488829032,Upregulated
Ddn,13199,60914.682,0.379884663,0.094727025,4.010309219,6.06392807776047e-05,0.106076294,Upregulated
Evc2,68525,1136.776348,0.395747511,0.147491583,2.683187086,0.007292418,0.834522625,Upregulated
Exd2,97827,3582.651599,0.291371013,0.093702758,3.109524416,0.001873888,0.516833347,Upregulated
Fam83e,73813,6.716080327,6.321385832,1.652624023,3.82505987,0.00013074,0.191196694,Upregulated
Fcmr,69169,7.925564907,3.580240421,1.336943984,2.677928518,0.007407903,0.834522625,Upregulated
Ggct,110175,876.535721,0.371985299,0.114143192,3.258935502,0.001118311,0.43462997,Upregulated
Gins2,272551,79.03798829,1.366857425,0.373378486,3.660782498,0.000251446,0.232779615,Upregulated
Gm7694,665574,224.8233172,0.658836226,0.239084301,2.755664938,0.005857296,0.796695213,Upregulated
Hes5,15208,749.9834488,0.605362897,0.233186076,2.596050794,0.009430212,0.87438029,Upregulated
Htra1,56213,7311.883254,0.259639727,0.079821441,3.252756706,0.001142913,0.43462997,Upregulated
Invs,16348,1080.544296,0.349325653,0.134447463,2.59823165,0.009370526,0.87438029,Upregulated
Jph4,319984,18910.99838,0.250298908,0.078021031,3.208095368,0.001336172,0.46593674,Upregulated
Kifc2,16581,22014.40703,0.291144199,0.098512247,2.955411205,0.003122526,0.667005934,Upregulated
Manbal,69161,1697.670511,0.320362225,0.120364638,2.661597532,0.007777081,0.844996718,Upregulated
Mfng,17305,316.6965031,0.510156695,0.196696589,2.59362248,0.009497071,0.87438029,Upregulated
Micos13,224904,2015.57776,0.346972907,0.11336332,3.060715822,0.002208086,0.568030018,Upregulated
Misp3,70134,60.94441882,1.401975711,0.432545418,3.241221972,0.001190185,0.441197269,Upregulated
Myd88,17874,379.3524558,0.429843612,0.159881946,2.688506252,0.007177249,0.834522625,Upregulated
Neurog1,18014,12.52484295,4.468347745,1.265929421,3.529697367,0.000416035,0.298922791,Upregulated
Nfe2,18022,7.569742849,4.511589679,1.407311736,3.205821115,0.001346777,0.46593674,Upregulated
Nicol1,381633,1782.188522,0.261917907,0.095641089,2.738550026,0.006171077,0.80142092,Upregulated
Nudt22,68323,362.0484327,0.431002793,0.163026257,2.643763038,0.008199003,0.853593692,Upregulated
Otop1,21906,5.984184953,4.786998824,1.842684421,2.597839744,0.009381227,0.87438029,Upregulated
Parvg,64099,725.0023503,0.612998134,0.182719222,3.35486396,0.00079404,0.385837381,Upregulated
Pdzk1,59020,8.945942001,3.047074976,1.160344873,2.626008049,0.008639277,0.863582172,Upregulated
Ppp1r16b,228852,12970.69533,0.279842398,0.079440151,3.522682105,0.000427203,0.298922791,Upregulated
Pycr1,209027,117.6851317,0.919555127,0.337041863,2.728311311,0.00636595,0.80142092,Upregulated
Sh3gl1,20405,1725.699849,0.292345324,0.109344123,2.673626299,0.007503602,0.834522625,Upregulated
Slc12a9,83704,1612.792598,0.322207183,0.11375498,2.832466603,0.004619039,0.72935632,Upregulated
Slc18b1,76306,1192.942346,0.318693025,0.111833138,2.849719057,0.004375786,0.724809085,Upregulated
Slc35f2,72022,224.1684883,0.719698684,0.21770622,3.30582509,0.000946972,0.431206163,Upregulated
Slco2a1,24059,202.1659494,0.651471199,0.213434263,3.052327166,0.002270745,0.57568311,Upregulated
Smagp,207818,124.0314425,0.689482616,0.263411879,2.617507678,0.00885745,0.871128646,Upregulated
Smim22,432995,12.09880509,3.032631769,1.160401578,2.613432994,0.008963766,0.871128646,Upregulated
Sphk2,56632,1449.69192,0.289807748,0.107498507,2.695923467,0.007019379,0.824093966,Upregulated
Spry1,24063,607.5249832,0.401230929,0.134927699,2.973673553,0.002942579,0.667005934,Upregulated
Stat4,20849,36.20300178,1.948171763,0.691764139,2.816236998,0.004858981,0.732742683,Upregulated
Tmem258,69038,863.968439,0.351783211,0.134553626,2.61444616,0.008937225,0.871128646,Upregulated
Tmem44,224090,3640.205742,0.327124805,0.107698558,3.037411191,0.002386197,0.587911905,Upregulated
Tnfrsf19,29820,3700.469522,0.260571498,0.083756476,3.11106089,0.001864165,0.516833347,Upregulated
Tsfm,66399,755.5885748,0.350357301,0.123486951,2.837200986,0.004551095,0.72935632,Upregulated
Wwtr1,97064,1483.252311,0.31805601,0.111716278,2.846997915,0.004413365,0.724809085,Upregulated
Zfp345,545471,6.291788888,5.496737906,1.668664927,3.29409327,0.000987397,0.431206163,Upregulated
Zkscan6,52712,535.9915657,0.349554354,0.135030192,2.588712556,0.009633547,0.882301785,Upregulated